title,company,location,link
Senior Backend Engineer – Royalties and Reporting (Remote Eligible - EMEA),Spotify,No office location,https://stackoverflow.com/jobs/550869
DevOps Engineer  (Jede*r),tarent solutions GmbH,No office location,https://stackoverflow.com/jobs/555101
Kubernetes Administrator,CYBERTEC PostgreSQL International GmbH,No office location,https://stackoverflow.com/jobs/558995
Backend Engineer - Partner API,Runtastic,"Vienna, Austria",https://stackoverflow.com/jobs/507680
Linux Kernel Engineer,Canonical,"Taipei, Taiwan",https://stackoverflow.com/jobs/454598
Linux Kernel Engineer,Canonical,No office location,https://stackoverflow.com/jobs/544576
"Senior Software Engineer, Infrastructure, Education",Chan Zuckerberg Initiative,"Redwood City, CA",https://stackoverflow.com/jobs/537683
"Senior Software Engineer, Trust, Education",Chan Zuckerberg Initiative,"Redwood City, CA",https://stackoverflow.com/jobs/537679
Experienced Software Engineer,Outschool,No office location,https://stackoverflow.com/jobs/550915
Senior Python Engineer,Huxley Banking & Financial ServicesviaHuxley (US),"Boston, MA",https://stackoverflow.com/jobs/524663
"Senior Software Development Engineer in Test - (SDET, US Only)","Pie Insurance Holdings, Inc.",No office location,https://stackoverflow.com/jobs/506438
Cloud Field Engineer - Americas,Canonical,No office location,https://stackoverflow.com/jobs/562669
IT System Administrator / DevOps (f/m/x),ImFusion GmbH,"München, Deutschland",https://stackoverflow.com/jobs/562665
Research Scientist with focus on Interventional Ultrasound (f/m/x),ImFusion GmbH,"München, Deutschland",https://stackoverflow.com/jobs/562664
"IoT / Java, Python Entwickler (w/m/d) - bundesweit & Homeoffice",objective partner AG,"Weinheim, Deutschland",https://stackoverflow.com/jobs/550882
DevOps Engineer (w/m/d) - bundesweit & Homeoffice,objective partner AG,"Weinheim, Deutschland",https://stackoverflow.com/jobs/550881
Product Owner als Entwicklungsredakteur (m/w/d),ZEIT Verlagsgruppe,"Berlin, Deutschland",https://stackoverflow.com/jobs/562662
Research Software Engineer (f/m/div) – Digital Humans,Max Planck Institute for Intelligent Systems,"Tübingen, Deutschland",https://stackoverflow.com/jobs/562659
"Senior Python Software Developer (m/f/d) @ our Partner ADSPERT (Berlin, remote)",solute GmbH,"Berlin, Deutschland",https://stackoverflow.com/jobs/547853
Vacancy: Software Designer,Topic Embedded Systems B.V.,"Best, Netherlands",https://stackoverflow.com/jobs/562656
Full Stack Developer (m/w/d),CAS AG,"Hamburg, Deutschland",https://stackoverflow.com/jobs/524589
Automation Developer - Operations,MHR,"Ruddington, UK",https://stackoverflow.com/jobs/544506
Middleware C++ Software Engineer for Linux (f/m/x),BMW Group,"Ulm, Deutschland",https://stackoverflow.com/jobs/528145
Data Engineer,Hubs,"Amsterdam, Netherlands",https://stackoverflow.com/jobs/558873
Software Engineer (Python AWS),Wizeline,"Phường 12 (Quận 10), Vietnam",https://stackoverflow.com/jobs/487852
Senior Data Scientist - Remote,Unite,No office location,https://stackoverflow.com/jobs/565894
Sr. Site Reliability Engineer (Infrastructure) - Cisco Meraki,Source Coders IncviaSource Coders,"San Francisco, CA",https://stackoverflow.com/jobs/565906
Linux Cloud Consultant - Americas,Canonical,No office location,https://stackoverflow.com/jobs/562585
"Senior .Net Developer for ML, Computer Vision and Python Algorithm development",MapLarge,No office location,https://stackoverflow.com/jobs/165235
Software Systems Engineer (80%-100%),Open Systems AG,"Zürich, Switzerland",https://stackoverflow.com/jobs/550751
Senior Backend Engineer,Omnivore Technologies,No office location,https://stackoverflow.com/jobs/558774
Developer (Focus Backend) who loves to work on the Green Energy Transformation,HYDROGRID GmbH,"Vienna, Austria",https://stackoverflow.com/jobs/562576
Contract Python Engineer - £500-600/day - Outside IR35 - Remote/UK - ClimateTech,Confido Talent,No office location,https://stackoverflow.com/jobs/565900
Cyber Mitigations Analyst/System Vulnerability Analyst - Entry to Expert Level,National Security Agency,"Fort Meade, MD",https://stackoverflow.com/jobs/565898
Computer Scientist - Development Programs - Entry/ Mid-Level,National Security Agency,"Fort Meade, MD",https://stackoverflow.com/jobs/565896
Software Engineer (m/w/d) IoT,Schuler Pressen GmbH,"Göppingen, Deutschland",https://stackoverflow.com/jobs/562572
Software Engineer (m/w/d) IoT – Schwerpunkt Stream Analytics,Schuler Pressen GmbH,"Göppingen, Deutschland",https://stackoverflow.com/jobs/562571
Softwareentwickler* – Securityfunktionen,IAV GmbH,"Berlin, Deutschland",https://stackoverflow.com/jobs/562569
Senior DevOps Engineer,Supermetrics Oy,No office location,https://stackoverflow.com/jobs/565891
Senior Full Stack Software Engineer,kaliber.ai,"San Francisco, CA",https://stackoverflow.com/jobs/251476
Android Developer,Marks & Spencer,"London, UK",https://stackoverflow.com/jobs/530799
Fullstack Engineers – Sokos.fi and Prisma.fi,Suomen Osuuskauppojen Keskuskunta (SOK),"Helsinki, Finland",https://stackoverflow.com/jobs/565889
Senior Software Engineer (Java)- Database Services,Mimecast,"London, UK",https://stackoverflow.com/jobs/558741
Senior Software Engineer (Java) – Analytics & Data Infrastructure Team,Mimecast,"London, UK",https://stackoverflow.com/jobs/558740
Senior Software Engineer - Data Lake,Mimecast,"London, UK",https://stackoverflow.com/jobs/558739
Senior Full Stack Developer,Motosumo ApS,"Herlev, Denmark",https://stackoverflow.com/jobs/565886
"Full Stack Developer, Automation Engine",Elisa Polystar,"Helsinki, Finland",https://stackoverflow.com/jobs/558730
Lead Data Scientist,Singapore Innovate Pte. Ltd,Singapore,https://stackoverflow.com/jobs/565885
Senior Backend Engineer (Go),Bigblue,"Paris, France",https://stackoverflow.com/jobs/505290
"Lead Engineer – SRE, Automation",LMAX Group,"London, UK",https://stackoverflow.com/jobs/544001
Network Devops Engineer: CPD,Rakuten,"Tokyo, Japan",https://stackoverflow.com/jobs/524411
Site Reliability Engineer,Altmetric,"London, UK",https://stackoverflow.com/jobs/562550
Full-stack web developer (in biodiversity informatics),INBO - Research Institute for Nature and Forest,"Brussels, Belgium",https://stackoverflow.com/jobs/565883
Senior Software Engineer,ZAIKO K.K.,"Minato City, Japan",https://stackoverflow.com/jobs/524414
"Senior Manager of Software Engineering, Data Platform (Remote Eligible)",Flyr Inc,"Los Angeles, CA",https://stackoverflow.com/jobs/530715
SRE / DevOps Engineer - MobileCoin (Unicorn Startup): Cryptocurrency Platform,MobileCoinviaSource Coders,No office location,https://stackoverflow.com/jobs/565874
Software Engineer (Network Software),SpaceX,"Hawthorne, CA",https://stackoverflow.com/jobs/562442
Sr. Software Engineer,SpaceX,"Hawthorne, CA",https://stackoverflow.com/jobs/562441
Sr. DevOps Engineer,SpaceX,"Hawthorne, CA",https://stackoverflow.com/jobs/562440
Senior QA Automation Engineer,Alfi Inc.,"Denver, CO",https://stackoverflow.com/jobs/520178
Product Manager (m/f/d),eBay,"Kleinmachnow, Germany",https://stackoverflow.com/jobs/561810
Senior Backend Developer,ReviewPro / ReviewRank,"Barcelona, Spain",https://stackoverflow.com/jobs/554865
Senior Front-End Developer,Alfi Inc.,"Denver, CO",https://stackoverflow.com/jobs/519794
Software Engineer (Java) - Manufacturing SaaS,Plex Systems,"Troy, MI",https://stackoverflow.com/jobs/565861
QA Devops Engineer - Open Source Database Solutions (remote),Percona Staffing LLC,No office location,https://stackoverflow.com/jobs/562423
Penetration Tester - Cyber Security,F-Secure,"London, UK",https://stackoverflow.com/jobs/554863
Senior Backend Architect (m/f/d),Motius GmbH,"München, Deutschland",https://stackoverflow.com/jobs/565858
Backend Engineer/ Working Student (m/f/d),Motius GmbH,"München, Deutschland",https://stackoverflow.com/jobs/565857
Scala Engineer,Snowplow Analytics,No office location,https://stackoverflow.com/jobs/562416
"Software Engineering Manager, Seattle WA",MSCI,"Seattle, WA",https://stackoverflow.com/jobs/565855
Systemarchitekt (m/w/d) für digitale Dienste und vernetzte Fahrzeuge,Honda R&D Europe (Deutschland) GmbH,"Offenbach am Main, Deutschland",https://stackoverflow.com/jobs/562414
Software Engineer - Machine Learning Team (Python/C++) (m/w/d),Volume Graphics GmbH,"Heidelberg, Deutschland",https://stackoverflow.com/jobs/550558
Senior Software Engineer,ComplyAdvantage,"London, UK",https://stackoverflow.com/jobs/504650
Backend Developer,TeleClinic GmbH,No office location,https://stackoverflow.com/jobs/565851
Senior Analytics Engineer,VIOOH,"London, UK",https://stackoverflow.com/jobs/562405
Forensic Software/Web Developer (Entry and Mid Levels) - OCONUS Deployable,"Cipher Tech Solutions, Inc","Tampa, FL",https://stackoverflow.com/jobs/562286
Back End Developer (m/f/d) remote possible,Retresco GmbH,"Berlin, Deutschland",https://stackoverflow.com/jobs/527881
(Junior) Robotic Process Automation Developer (m/w/d) zur Entwicklung und Einsat,Hannover Rück SE,"Hannover, Deutschland",https://stackoverflow.com/jobs/562404
Senior DevOps Engineer (Remote),Slido,No office location,https://stackoverflow.com/jobs/519933
Backend Engineer,Akselos S.A.,"Lausanne, Switzerland",https://stackoverflow.com/jobs/519931
Software Entwickler (m/w/d),NOVOMATIC AG,"Gumpoldskirchen, Österreich",https://stackoverflow.com/jobs/554829
Senior DevOps Engineer (m/f/d) for Supply Chain Cloud Solutions,SupplyOn AG,"Dresden, Deutschland",https://stackoverflow.com/jobs/513203
Data Engineer,Common Code,"Melbourne, Australia",https://stackoverflow.com/jobs/554797
Integration App Product Engineer,SyncSmart.io (by LyntonWeb.com),No office location,https://stackoverflow.com/jobs/519804
Software Engineer,Intel Corporation,"Hillsboro, OR",https://stackoverflow.com/jobs/530570
"Senior Software Engineer, Integration QA, Python",Canonical,No office location,https://stackoverflow.com/jobs/519661
Analytics Manager,eBay,"London, UK",https://stackoverflow.com/jobs/562306
"Software Engineer, Backend (EMEA)",Hotjar,No office location,https://stackoverflow.com/jobs/565839
Principal Python Engineer,ComplyAdvantage,"London, UK",https://stackoverflow.com/jobs/504216
"Engineering Manager, Data Infrastructure",HubSpot,"Cambridge, MA",https://stackoverflow.com/jobs/504204
Senior Software Engineer - Material Analysis Team (C++) (m/w/d),Volume Graphics GmbH,"Heidelberg, Deutschland",https://stackoverflow.com/jobs/163095
CDI -  Senior Developper - Rennes,Steeple,"Rennes, France",https://stackoverflow.com/jobs/530505
Senior DevOps Engineer (Nordic or Germany),Nets Group,"Helsingfors, Finland",https://stackoverflow.com/jobs/565836
Backend Engineer - Commerce Platform (Remote Eligible EMEA),Spotify,No office location,https://stackoverflow.com/jobs/550392
"Site Reliability Engineer, Kubernetes",camunda,No office location,https://stackoverflow.com/jobs/550386
"Software Engineering Manager - Selection Domain, Core Order (w/m/d)",Delivery Hero SE,"Berlin, Germany",https://stackoverflow.com/jobs/562276
Sr. Signal Integrity Engineer,Intel Corporation,"Shanghai, China",https://stackoverflow.com/jobs/543848
Graphics Software Engineer,Intel Corporation,"Shanghai, China",https://stackoverflow.com/jobs/543846
Deep Learning System Frameworks Engineer,Intel Corporation,"Shanghai, China",https://stackoverflow.com/jobs/543845
Full Stack Engineer (Application Engineer),Rakuten,"Setagaya City, Japan",https://stackoverflow.com/jobs/527726
"Data Engineer (Python, ETL)",Finsera,No office location,https://stackoverflow.com/jobs/536631
Fully Remote Senior or Staff Software Engineer - Platform9,Platform9viaSource Coders,"Mountain View, CA",https://stackoverflow.com/jobs/565834
"DevOps Engineer, Cloud Data Warehouse",ByteDance,Singapore,https://stackoverflow.com/jobs/550284
Managing Consultant - Senior Software Engineer,Shine Solutions Group Pty Ltd,"Melbourne, Australia",https://stackoverflow.com/jobs/554585
Cloud Software Engineer,Intel Corporation,"Guadalajara, Mexico",https://stackoverflow.com/jobs/536886
Senior Data Engineer,StyleSeat,No office location,https://stackoverflow.com/jobs/525037
Data Engineer for Insurtech Startup,iptiQ by Swiss Re,"Hoofddorp, Netherlands",https://stackoverflow.com/jobs/471200
Software Engineering Manager,iptiQ by Swiss Re,"Hoofddorp, Netherlands",https://stackoverflow.com/jobs/472051
Backend Software Engineer for leading insurtech start-up,iptiQ by Swiss Re,"Hoofddorp, Netherlands",https://stackoverflow.com/jobs/472052
Site Reliability Engineer,Jelli,"San Mateo, CA",https://stackoverflow.com/jobs/543740
Senior DevOps Engineer (f/m/d),Mimi Hearing Technologies GmbH,"Berlin, Germany",https://stackoverflow.com/jobs/565820
Software Engineer Cloud DevOps - IaC,Samotics,"Leiden, Netherlands",https://stackoverflow.com/jobs/519033
DevOps Engineer - 100% Remote,Disy Informationssysteme GmbH,"Karlsruhe, Deutschland",https://stackoverflow.com/jobs/383260
Senior Software Engineer - Launchpad,Canonical,No office location,https://stackoverflow.com/jobs/530389
Security Engineer - (Application Security/DevSecOps) (f/m/d),Delivery Hero SE,"Berlin, Germany",https://stackoverflow.com/jobs/565815
Sr. Software Eng. (Fog) - MobileCoin (Unicorn Startup): Cryptocurrency Platform,MobileCoinviaSource Coders,No office location,https://stackoverflow.com/jobs/565813
"Principal Software Engineer, Data (Python & pandas) - London",Synthace Ltd.,"London, UK",https://stackoverflow.com/jobs/554536
Senior Backend Developer - Paylater,Unzer GmbH,"Frankfurt, Germany",https://stackoverflow.com/jobs/536785
Backend Software Engineer,Contovista,"Schlieren, Switzerland",https://stackoverflow.com/jobs/536774
Front-End Developer (i.e. React),Imaginary Cloud,No office location,https://stackoverflow.com/jobs/565808
Cloud Security Engineer,Flow Traders,"Amsterdam, Netherlands",https://stackoverflow.com/jobs/530250
"Python & Typescript Developers (GraphQL, Django, React, Ant Design)",OpenUnited,No office location,https://stackoverflow.com/jobs/565807
"Softwarearchitekt Digitale Signalverarbeitung, Software Defined Radio (m/w/d)",Rheinmetall,"Bremen, Deutschland",https://stackoverflow.com/jobs/560043
Product Owner Smart O&M (H/F),ENGIE Digital,"Paris, France",https://stackoverflow.com/jobs/554454
Field Software Engineer - APAC,Canonical,No office location,https://stackoverflow.com/jobs/512382
Security Engineer - APPSEC (f/m/x),PPRO,"München, Germany",https://stackoverflow.com/jobs/554399
"Site Reliability Engineer, Americas",Canonical,No office location,https://stackoverflow.com/jobs/454608
Cloud Data Engineer - Remote USA only,Hewlett Packard Enterprise,No office location,https://stackoverflow.com/jobs/558426
Data Janitor,Leaf Logistics,No office location,https://stackoverflow.com/jobs/518794
Data Analytics Engineer,Huxley Banking & Financial ServicesviaHuxley (US),"Boston, MA",https://stackoverflow.com/jobs/524158
Senior Data Scientist,komoot,No office location,https://stackoverflow.com/jobs/565788
Senior Data Analyst,komoot,No office location,https://stackoverflow.com/jobs/565787
Senior Cloud Security Engineer,komoot,No office location,https://stackoverflow.com/jobs/565786
Software Engineering Manager - Canonical Fast Track,Canonical,No office location,https://stackoverflow.com/jobs/561984
Data Engineer,Everli,No office location,https://stackoverflow.com/jobs/508326
Research Scientist,"Edgestream Partners, L.P.","Princeton, NJ",https://stackoverflow.com/jobs/518607
Sr Cloud Engineer,RapDev.io,"Boston, MA",https://stackoverflow.com/jobs/565781
QA Automation Engineer,Remote Crew LDA,No office location,https://stackoverflow.com/jobs/565780
Backend Developer,Remote Crew LDA,No office location,https://stackoverflow.com/jobs/565778
"Senior Cloud Engineer (m/w/d) - Deutsch C1 erforderlich, 80-90% remote möglich",Ganz & Stock,"Offenburg, Deutschland",https://stackoverflow.com/jobs/565776
Automotive Security Engineer (m/w/d),Method Park,"Erlangen, Deutschland",https://stackoverflow.com/jobs/558406
Backend Engineer (Python/ Django),Sector Labs,"Dubai, United Arab Emirates",https://stackoverflow.com/jobs/518496
Senior Python/Django Full-stack Developer,Apicbase Belgium,No office location,https://stackoverflow.com/jobs/515716
Back-End Developer (i.e. Python),Imaginary Cloud,No office location,https://stackoverflow.com/jobs/565769
Full Stack Engineer (React & Django),Sector Labs,"Cluj-Napoca, Romania",https://stackoverflow.com/jobs/518486
Remote Software Engineer Internship,HENNGE K.K.,No office location,https://stackoverflow.com/jobs/518082
"Product Manager, Data & Analytics Solutions (Campus)",Azendian Solutions Pte. Ltd.,Singapore,https://stackoverflow.com/jobs/565767
Full Stack Developer,Common Code,No office location,https://stackoverflow.com/jobs/545907
Technical Support Engineer,Odoo,"San Francisco, CA",https://stackoverflow.com/jobs/558070
Full Stack Engineer,Odoo,"Buffalo, NY",https://stackoverflow.com/jobs/558069
"SENIOR FULL-STACK DEV WITH RUBY / PYTHON / REACT NATIVE -- 100% REMOTE, FLEXIBLE",Analytics Fire,No office location,https://stackoverflow.com/jobs/517987
Software Engineer @ Enveil,Enveil,"Fulton, MD",https://stackoverflow.com/jobs/166432
Deployment Engineer / Solutions Architect,Enveil,"Fulton, MD",https://stackoverflow.com/jobs/319752
Python Developer (Remote),Finsera,No office location,https://stackoverflow.com/jobs/524065
"Data Scientist, Performance Media","Horizon Media Holdings, Inc",No office location,https://stackoverflow.com/jobs/561829
Python/Django back-end developer (Remote),Soshace LLC,No office location,https://stackoverflow.com/jobs/561827
Node.js Developer (Remote),Soshace LLC,No office location,https://stackoverflow.com/jobs/561826
Frontend React.js Developer (Remote),Soshace LLC,No office location,https://stackoverflow.com/jobs/561825
Data Engineer,Samotics,"Leiden, Netherlands",https://stackoverflow.com/jobs/518209
"Senior IoT Developer (M/W/D/) Python, C++",VISPIRON CHARGE-V GmbH,"München, Deutschland",https://stackoverflow.com/jobs/524044
Softwareentwickler C++ (m/w/d) Prüfstandsautomatisierung,APL Automobil-Prüftechnik Landau GmbH,"Landau in der Pfalz, Deutschland",https://stackoverflow.com/jobs/526623
"Full-Stack Developer, Research & Development",Houston Astros Baseball R&D,"Houston, TX",https://stackoverflow.com/jobs/536288
Deep Learning Engineer,SQUAD,"Kyiv, Ukraine",https://stackoverflow.com/jobs/518177
A 'jack-of-all-trades' for an Agile team - Python Dev/ Tech Lead/ Scrum Master,Pentalog,"Hanoi, Vietnam",https://stackoverflow.com/jobs/554242
Senior Software Engineer – Container Ecosystem,SUSE,No office location,https://stackoverflow.com/jobs/554241
"Machine Learning Engineer AI, Advanced Analytics & Data",H & M Hennes & Mauritz GBC AB,"Stockholm, Sweden",https://stackoverflow.com/jobs/527524
Software-Entwickler (m/w/d),innoventis GmbH,"Würzburg, Deutschland",https://stackoverflow.com/jobs/561812
Software Developer,SUSE,No office location,https://stackoverflow.com/jobs/558030
LEAD INSTRUCTOR - DATA SCIENCE [full time || part time],WBS Gruppe,No office location,https://stackoverflow.com/jobs/529936
"Backend Tech Lead, Customer Service Platform",ByteDance,Singapore,https://stackoverflow.com/jobs/553813
Devops Engineer - Infrastructure Engineering,ByteDance,Singapore,https://stackoverflow.com/jobs/553812
Site Reliability Engineer (Applied Machine Learning),ByteDance,Singapore,https://stackoverflow.com/jobs/553811
Site Reliability Engineer - Infrastructure Engineering,ByteDance,Singapore,https://stackoverflow.com/jobs/553810
Data Science and Analytics Engineer,MITRE,"McLean, VA",https://stackoverflow.com/jobs/523959
Software Engineer,MITRE,"McLean, VA",https://stackoverflow.com/jobs/523956
Software Engineer - Developer Experience,Catawiki,No office location,https://stackoverflow.com/jobs/527395
Artificial Intelligence / Autonomy Engineer,MITRE,"McLean, VA",https://stackoverflow.com/jobs/523955
Electrical Engineer,MITRE,"McLean, VA",https://stackoverflow.com/jobs/523954
Intertoob Scanner Builder (Fullstack Engineer),Carve Systems,"Golden, CO",https://stackoverflow.com/jobs/517498
"Director, Data Engineering","HomerLearning, Inc.",No office location,https://stackoverflow.com/jobs/565761
Full-Stack Engineer (Python OR Javascript),Neo4j,"Malmö, Sweden",https://stackoverflow.com/jobs/362199
Full-Stack Engineer - (Neo4j Aura),Neo4j,"London, UK",https://stackoverflow.com/jobs/435690
Cloud Infrastructure Engineer,Relay42,"Amsterdam, Netherlands",https://stackoverflow.com/jobs/407421
Machine Learning Engineer,Relay42,"Amsterdam, Netherlands",https://stackoverflow.com/jobs/469169
"VP, Software Engineering",Canonical,No office location,https://stackoverflow.com/jobs/553806
Senior Fullstack Engineer,AMBOSS,"Berlin, Germany",https://stackoverflow.com/jobs/557771
DevOps Engineer,Topic Embedded Systems B.V.,"Best, Netherlands",https://stackoverflow.com/jobs/561717
Senior Software Engineer for growing VC-backed UK startup (based in UK/Europe),Snowplow Analytics,No office location,https://stackoverflow.com/jobs/536083
Developer Technology Engineer - Test Automation (C++ / Python / Jenkins),Imagination Technologies,"Kings Langley, UK",https://stackoverflow.com/jobs/543473
Senior QA Engineer (m/f/d),Relayr,"Berlin, Germany",https://stackoverflow.com/jobs/561711
Lead Data Engineer (m/f/x),Scalable Capital GmbH,"München, Deutschland",https://stackoverflow.com/jobs/536037
NLP Developer,"Yaraku, Inc.","Shibuya City, Japan",https://stackoverflow.com/jobs/286235
Software Engineer,Intel Corporation,"Hillsboro, OR",https://stackoverflow.com/jobs/530206
Software Architect - Remote,SemanticBits,No office location,https://stackoverflow.com/jobs/522641
Senior Data Engineer (Python) - Remote,SemanticBits,No office location,https://stackoverflow.com/jobs/559051
Software Engineer,Intel Corporation,"Hillsboro, OR",https://stackoverflow.com/jobs/530205
Network Software Engineer,Intel Corporation,"Austin, TX",https://stackoverflow.com/jobs/530203
Ethernet Technologies RDMA Software Applications Engineer,Intel Corporation,"Austin, TX",https://stackoverflow.com/jobs/530201
Ethernet Manageability Applications Engineer,Intel Corporation,"Austin, TX",https://stackoverflow.com/jobs/530200
Ethernet Technologies Software Applications Engineer - DPDK,Intel Corporation,"Hillsboro, OR",https://stackoverflow.com/jobs/530199
Software Engineer - Silicon Product Design,Intel Corporation,"Hillsboro, OR",https://stackoverflow.com/jobs/530198
Cloud Software Engineer,Intel Corporation,"Hillsboro, OR",https://stackoverflow.com/jobs/530195
Senior Cloud Software Services Architect,Intel Corporation,"Hillsboro, OR",https://stackoverflow.com/jobs/530190
"Engineer, iOS",Citizen,No office location,https://stackoverflow.com/jobs/561576
Senior Front End Engineer,Citizen,No office location,https://stackoverflow.com/jobs/561575
Software Engineers,Lightmatter,No office location,https://stackoverflow.com/jobs/565756
Senior DevOps Engineer,The Orchard,"London, UK",https://stackoverflow.com/jobs/543315
Software Engineer,The Orchard,"London, UK",https://stackoverflow.com/jobs/543314
"Tech Lead, Machine Learning Evaluation",McD Tech Labs,"Mountain View, CA",https://stackoverflow.com/jobs/523812
"Staff Software Engineer, Applied AI",McD Tech Labs,"Mountain View, CA",https://stackoverflow.com/jobs/523807
Software Engineer in Test,McD Tech Labs,"Mountain View, CA",https://stackoverflow.com/jobs/523806
"Data Scientist, Machine Learning Evaluation",McD Tech Labs,"Mountain View, CA",https://stackoverflow.com/jobs/523805
"Tech Lead, Python Systems Engineering",McD Tech Labs,"Mountain View, CA",https://stackoverflow.com/jobs/523801
"Tech Lead, Data Infrastructure",McD Tech Labs,"Mountain View, CA",https://stackoverflow.com/jobs/523800
"Senior Software Engineer, Language",McD Tech Labs,"Mountain View, CA",https://stackoverflow.com/jobs/523798
Software Engineer,The Orchard,"New York, NY",https://stackoverflow.com/jobs/543311
Senior Software Engineer,The Orchard,"London, UK",https://stackoverflow.com/jobs/543310
Data Engineer,McD Tech Labs,"Mountain View, CA",https://stackoverflow.com/jobs/523793
Senior Backend Engineer,McD Tech Labs,"Mountain View, CA",https://stackoverflow.com/jobs/523791
Cloud Software Developer,Intel Corporation,"Guadalajara, Mexico",https://stackoverflow.com/jobs/557644
Data Scientist - GameIntel - Remote (Europe),GameAnalytics,No office location,https://stackoverflow.com/jobs/565753
Senior Software Engineer - Full-Stack,Blend HRM Inc,"Burlingame, CA",https://stackoverflow.com/jobs/530162
Senior Test Automation Engineer (f/m/d),Evotec SE,"Göttingen, Germany",https://stackoverflow.com/jobs/561035
"Software Developers for our offices in Berlin, Hamburg, Göttingen or Abingdon",Evotec SE,"Hamburg, Germany",https://stackoverflow.com/jobs/524299
Business Intelligence Analyst (f/m/x),Cosuno,"Berlin, Germany",https://stackoverflow.com/jobs/520303
"Arista Networks is hiring Front End Engineer for Dublin office(JS, React+Redux)","Arista Networks, Inc","Dublin, Ireland",https://stackoverflow.com/jobs/482910
Full Stack Software Developer,Limelyte Technology Group,"Spokane, WA",https://stackoverflow.com/jobs/565751
Engineering Systems Administrator,Thycotic,No office location,https://stackoverflow.com/jobs/559032
Software Engineer,ASRC Federal,"Moorestown, NJ",https://stackoverflow.com/jobs/501183
"Go Software Engineer, Commercial Systems",Canonical,No office location,https://stackoverflow.com/jobs/561428
Senior Software Engineer | Cryptocurrency trading | C++/Rust,BlockTech,"Amsterdam, Netherlands",https://stackoverflow.com/jobs/501179
"Senior Data Engineer - Consult with great companies, technologies and solutions",Pinnacle Solutions Group,"Nashville, TN",https://stackoverflow.com/jobs/515696
Full Stack Engineer,Zattoo,"Berlin, Germany",https://stackoverflow.com/jobs/565749
Site Reliability Engineer,Zattoo,"Berlin, Germany",https://stackoverflow.com/jobs/565748
Senior Backend Engineer (Python/Django) (m/f/d),Motius GmbH,"Belgrad, Serbien",https://stackoverflow.com/jobs/565746
Senior Machine Learning/ Deep Learning Engineer (m/f/d),Motius GmbH,"München, Deutschland",https://stackoverflow.com/jobs/565744
Data Engineer ( F/H),INGENIANCE,"Courbevoie, France",https://stackoverflow.com/jobs/501120
Software Craftsmanship Engineer ( F/H),INGENIANCE,"Courbevoie, France",https://stackoverflow.com/jobs/501118
Senior Software Engineer (Frontend),Deepfield Networks,"Ann Arbor, MI",https://stackoverflow.com/jobs/185876
Senior Software Engineer,Slimmer AI,"Groningen, Netherlands",https://stackoverflow.com/jobs/561547
Ruby on Rails Developer,Imaginary Cloud,No office location,https://stackoverflow.com/jobs/565740
Senior Data Engineer - Remote,Didomi,"Paris, France",https://stackoverflow.com/jobs/557607
*REMOTE* Lead (Senior) Kotlin & Java Engineer (m/f/x) High-Load Search-Engine,"AVANTGARDE - ""Creating Fans""",No office location,https://stackoverflow.com/jobs/529656
3D Pipeline Engineer,Geomagical Labs,"Mountain View, CA",https://stackoverflow.com/jobs/565737
Server Engineer - Remote (Penn Game Studios),Penn Interactive Ventures,No office location,https://stackoverflow.com/jobs/548906
Site Reliability Engineer (DevOps) - REMOTE,Penn Interactive Ventures,No office location,https://stackoverflow.com/jobs/548898
Senior Solutions Architect/Data Architect,Intel Corporation,"Hillsboro, OR",https://stackoverflow.com/jobs/530028
Test Engineer,ASRC Federal,"Moorestown, NJ",https://stackoverflow.com/jobs/500822
Applications Developer,ASRC Federal,"Moorestown, NJ",https://stackoverflow.com/jobs/500819
Senior Software Engineers,Lightmatter,No office location,https://stackoverflow.com/jobs/523002
C++ Software development engineer,ASML,"Shenzhen, China",https://stackoverflow.com/jobs/465912
Principal Full Stack Engineer,Sector Labs,"Cluj-Napoca, Romania",https://stackoverflow.com/jobs/517511
Senior Full Stack Engineer,Sector Labs,"Cluj-Napoca, Romania",https://stackoverflow.com/jobs/517510
Senior Full Stack Engineer (Remote),Sector Labs,No office location,https://stackoverflow.com/jobs/517508
Senior Site Reliability Engineer (SRE),Assurance,"Fort Lauderdale, FL",https://stackoverflow.com/jobs/565728
Senior Software Engineer - Omni-Channel Communications,Assurance,No office location,https://stackoverflow.com/jobs/565727
Senior Software Engineer - Marketplace,Assurance,No office location,https://stackoverflow.com/jobs/565726
Principal Engineer - Omni-Channel Communications,Assurance,No office location,https://stackoverflow.com/jobs/565725
Senior Site Reliability Engineer - Core Team,Assurance,No office location,https://stackoverflow.com/jobs/565724
Staff Product Engineer - OPC,ASML,"San Jose, CA",https://stackoverflow.com/jobs/517400
JR0178225 OpenIPC Senior Software Engineer,Intel Corporation,"Hillsboro, OR",https://stackoverflow.com/jobs/542196
Scientific Staff for HPC Application Support,Forschungszentrum Jülich GmbH,"Jülich, Deutschland",https://stackoverflow.com/jobs/561454
Full-Stack Software Engineer,Strata Oncology,"Ann Arbor, MI",https://stackoverflow.com/jobs/371127
"Junior IoT Developer (M/W/D) Python, C++",VISPIRON CHARGE-V GmbH,"München, Deutschland",https://stackoverflow.com/jobs/548810
Senior Front End developer,Apicbase Belgium,No office location,https://stackoverflow.com/jobs/526988
Cloud Native Senior Software Engineer,Intel Corporation,"Dublin, Ireland",https://stackoverflow.com/jobs/548771
Javascript Developer (React.js/Node.js),Imaginary Cloud,No office location,https://stackoverflow.com/jobs/565719
Python Engineer,Intel Corporation,"Gdańsk, Poland",https://stackoverflow.com/jobs/529943
Softwareentwickler (m/w/d) Backend Python/Go,Hetzner Cloud GmbH,"Unterföhring, Deutschland",https://stackoverflow.com/jobs/272624
Linux Networking specialist (m/f/x) - remote or on-site,Hetzner Cloud GmbH,"Unterföhring, Deutschland",https://stackoverflow.com/jobs/224179
Cloud Software Engineer,Intel Corporation,"Gdańsk, Poland",https://stackoverflow.com/jobs/529942
Software Architect Lead,WeLab Bank Limited,Hong Kong,https://stackoverflow.com/jobs/565713
Software Validation Engineer,Intel Corporation,"Gdańsk, Poland",https://stackoverflow.com/jobs/529939
Senior SRE / DevOps Engineer (m/f/d),CARIAD,"Wolfsburg, Germany",https://stackoverflow.com/jobs/561427
"Engineering Manager, Full Stack - Cisco Meraki - Fully Remote or San Francisco",Cisco MerakiviaSource Coders,No office location,https://stackoverflow.com/jobs/565709
Linux Engineer,ASML,"Veldhoven, Netherlands",https://stackoverflow.com/jobs/548587
Senior Backend Engineer,Singapore Innovate Pte. Ltd,Singapore,https://stackoverflow.com/jobs/561308
Senior DevOps Engineer,DriveWealth Technologies LLC,No office location,https://stackoverflow.com/jobs/548619
"Software Engineer, Post Trade Team",DriveWealth Technologies LLC,No office location,https://stackoverflow.com/jobs/548618
DevOps Engineer,SignalWire,No office location,https://stackoverflow.com/jobs/561307
SecOps Engineer,SignalWire,No office location,https://stackoverflow.com/jobs/561306
Senior DevOps Engineer,Tradeshift,"Bucharest, Romania",https://stackoverflow.com/jobs/526929
Senior Full-Stack Engineer with Node.js - Tradeshift Go,Tradeshift,"Bucharest, Romania",https://stackoverflow.com/jobs/526924
"Senior Java Engineer - Consult with great companies, technologies and solutions",Pinnacle Solutions Group,"Charlotte, NC",https://stackoverflow.com/jobs/197952
Senior IT Administrator,Fullscript,"Scottsdale, AZ",https://stackoverflow.com/jobs/565691
Analyste solution/ Chef de projet déploiement Smart O&M (H/F),ENGIE Digital,"Paris, France",https://stackoverflow.com/jobs/548602
Senior Full-stack Web Developer,F-Secure,"Basingstoke, UK",https://stackoverflow.com/jobs/535566
Machine Learning Software Engineer,L3Harris,"Tewkesbury, UK",https://stackoverflow.com/jobs/553462
Senior DevOps Platform Engineer,Blinks Labs GmbH,"Berlin, Germany",https://stackoverflow.com/jobs/565687
Backend Engineer - Tradeshift Engage,Tradeshift,"Aarhus, Denmark",https://stackoverflow.com/jobs/526909
Android-Entwickler (m/w/d) Infotainment,e.solutions GmbH,"Erlangen, Deutschland",https://stackoverflow.com/jobs/561275
(Junior) Data Engineer (m/f/x) onsite or remote (in Germany),Scalable Capital GmbH,"München, Deutschland",https://stackoverflow.com/jobs/516327
Back-End Developer (i.e. Node.js),Imaginary Cloud,No office location,https://stackoverflow.com/jobs/565681
Senior Software Engineer - Cloud Engineering,Canonical,No office location,https://stackoverflow.com/jobs/535495
Softwareentwickler*in (m/w/x) (Vollzeit),Orendt Studios GmbH,"Hamburg, Deutschland",https://stackoverflow.com/jobs/565680
Senior DevOps Engineer (Cloud Solutions),Coda Payments,No office location,https://stackoverflow.com/jobs/565675
Backend Developer (Node.js),RBW ConsultingviaRBW Consulting,"Boston, MA",https://stackoverflow.com/jobs/565674
Software Engineer IoT (m/w/d),Stadtwerke München GmbH,"München, Deutschland",https://stackoverflow.com/jobs/516781
Senior Data Engineer E-Commerce (m/w/d),Peek & Cloppenburg,"Düsseldorf, Germany",https://stackoverflow.com/jobs/565672
Full Stack Software Engineer,Samotics,"Leiden, Netherlands",https://stackoverflow.com/jobs/516831
Senior Build & CI Engineer (f/m/x),BMW Group,"München, Deutschland",https://stackoverflow.com/jobs/557339
Software Developer / IT Specialist for the Research Infrastructure at our PETRA,Helmholtz Zentrum Geesthacht (HZG),"Hamburg, Deutschland",https://stackoverflow.com/jobs/561270
Senior DevOps Engineer,Revieve Oy,"Helsinki, Finland",https://stackoverflow.com/jobs/554528
Backend Engineer,AsurionviaComputer Futures Japan,"Tokyo, Japan",https://stackoverflow.com/jobs/516824
Software Engineers - Cloud Reliability & Infrastructure (Python or Java),Canva,"Sydney, Australia",https://stackoverflow.com/jobs/373689
"Senior Software Engineer, Backend",Jelli,"San Mateo, CA",https://stackoverflow.com/jobs/494587
Senior DevOps Engineer - Data Operations,"Sailpoint Technologies, Inc.",No office location,https://stackoverflow.com/jobs/557351
Senior Backend Engineer @ Number One Safety App In the World,Citizen,No office location,https://stackoverflow.com/jobs/499674
"Engineer, Android",Citizen,No office location,https://stackoverflow.com/jobs/499672
Cloud Engineer,Olo,No office location,https://stackoverflow.com/jobs/516558
Site Reliability Engineer,Unzer GmbH,"Munich, Germany",https://stackoverflow.com/jobs/565663
Business Intelligence Engineer (all genders),asgoodasnew electronics GmbH,"Berlin, Deutschland",https://stackoverflow.com/jobs/565661
Senior Data Engineer - Python Technologies,Capital Group,"Irvine, CA",https://stackoverflow.com/jobs/538626
Senior Solutions Engineer - AWS,Capital Group,"Irvine, CA",https://stackoverflow.com/jobs/538629
Software Development Engineer Senior,Capital Group,"Los Angeles, CA",https://stackoverflow.com/jobs/538624
Senior Architect,Capital Group,"Irvine, CA",https://stackoverflow.com/jobs/558027
Data Engineer,Capital Group,"Irvine, CA",https://stackoverflow.com/jobs/558026
Senior Data Scientist - Data Foundation,Spotify,"New York, NY",https://stackoverflow.com/jobs/499628
Machine Learning Engineer,"Betterup, Inc.",No office location,https://stackoverflow.com/jobs/523562
Data Engineer,"Betterup, Inc.",No office location,https://stackoverflow.com/jobs/523557
C Embedded Engineer,SQUAD,"Kyiv, Ukraine",https://stackoverflow.com/jobs/516403
Lead Full-Stack Software Engineer (Tech Lead) (f/m/d),HeidelbergCement AG,"Heidelberg, Deutschland",https://stackoverflow.com/jobs/557326
Django Engineer (human) for Germany's leading local marketing platform,RegioHelden GmbH,"Stuttgart, Germany",https://stackoverflow.com/jobs/565651
Data Engineer,Coda Payments,No office location,https://stackoverflow.com/jobs/557317
Women in Tech - all levels - at sustainable start-up (f/x) - Munich or Remote,FINN,No office location,https://stackoverflow.com/jobs/565648
Python Software Engineer - International growing scale-up!,Channable,"Utrecht, Netherlands",https://stackoverflow.com/jobs/265091
"Algorithm Engineer, Enterprise Partnership & Solutions",ByteDance,Singapore,https://stackoverflow.com/jobs/523517
Back-End Software Engineer,HENNGE K.K.,"Tokyo, Japan",https://stackoverflow.com/jobs/380985
Front-End Software Engineer,HENNGE K.K.,"Tokyo, Japan",https://stackoverflow.com/jobs/381280
Full stack software engineer,Ailo,"Sydney, Australia",https://stackoverflow.com/jobs/372382
Data Engineer - Where GovTech and FinTech Meet,PayIt,No office location,https://stackoverflow.com/jobs/557203
Software Engineer,Reaktor,"Lisboa, Portugal",https://stackoverflow.com/jobs/553136
Full-Stack Junior Software Engineer,Automation Consultants,"Reading, UK",https://stackoverflow.com/jobs/516045
Systems Engineer,LMAX Group,"London, UK",https://stackoverflow.com/jobs/535022
Backend Software Engineer,Armored Things,"Boston, MA",https://stackoverflow.com/jobs/322319
Sr. or Lead Front End Engineer - Cisco Meraki - Fully Remote (U.S. or Canada),Cisco MerakiviaSource Coders,No office location,https://stackoverflow.com/jobs/565641
Site Reliability Engineer (SRE),VIOOH,"London, UK",https://stackoverflow.com/jobs/553123
LMAX Software Developer (Core Java),LMAX Group,"London, UK",https://stackoverflow.com/jobs/181651
C++ and Python software engineers - Metrology,ASML,"Veldhoven, Netherlands",https://stackoverflow.com/jobs/523429
Cloud Engineer Linux,team.blue NL B.V.,"Rotterdam, Netherlands",https://stackoverflow.com/jobs/523426
"Software Engineer, Speech & Audio",ByteDance,Singapore,https://stackoverflow.com/jobs/553106
"Site Reliability Engineer, Recommendation Architecture",ByteDance,Singapore,https://stackoverflow.com/jobs/553104
"Tech Lead Engineering Manager, Business Integrity",ByteDance,Singapore,https://stackoverflow.com/jobs/553100
"Full Stack Software Engineer, Business Integrity",ByteDance,Singapore,https://stackoverflow.com/jobs/553099
(Senior) Android Software Developer - Munich,Paradox Cat GmbH,"München, Deutschland",https://stackoverflow.com/jobs/181583
Senior iOS Developer,Fretello GmbH,No office location,https://stackoverflow.com/jobs/554366
Senior Data Engineer (m/w/d),Deutsche Bank AG,"Frankfurt am Main, Germany",https://stackoverflow.com/jobs/534942
Senior Software Engineer,Linewize by Family Zone,"Abbotsford, Australia",https://stackoverflow.com/jobs/551649
"Backend Software Engineer, Business Integrity",ByteDance,Singapore,https://stackoverflow.com/jobs/553036
"Frontend Software Engineer, Business Integrity",ByteDance,Singapore,https://stackoverflow.com/jobs/553035
Qt C++ SDK Software Development Engineer,Esri,"Redlands, CA",https://stackoverflow.com/jobs/561049
"Interview Engineer (Remote, United Kingdom)",Karat.com,No office location,https://stackoverflow.com/jobs/565630
"Interview Engineer (Remote, Mexico)",Karat.com,No office location,https://stackoverflow.com/jobs/565629
"Interview Engineer (Remote, Israel)",Karat.com,No office location,https://stackoverflow.com/jobs/565628
"Interview Engineer (Remote, Germany)",Karat.com,No office location,https://stackoverflow.com/jobs/565627
"Interview Engineer (Remote, Canada)",Karat.com,No office location,https://stackoverflow.com/jobs/565626
"Interview Engineer (Remote, Australia)",Karat.com,No office location,https://stackoverflow.com/jobs/565625
"Interview Engineer (Remote, South Africa)",Karat.com,No office location,https://stackoverflow.com/jobs/565624
Software Engineer in Test,Esri,"Redlands, CA",https://stackoverflow.com/jobs/561053
DevOps Engineer - Routing Services,Esri,"Redlands, CA",https://stackoverflow.com/jobs/561050
Senior Fullstack Engineer (Python/Django/React)- #12 of Top-100 Marketplaces,StyleSeat,No office location,https://stackoverflow.com/jobs/561047
Senior Data Scientist,StyleSeat,No office location,https://stackoverflow.com/jobs/561046
DevOps Engineer - Geocoding Services,Esri,"Redlands, CA",https://stackoverflow.com/jobs/561045
Open Source Software Lead (Cloud Native),Intel Corporation,"Dublin, Ireland",https://stackoverflow.com/jobs/553034
Staff Site Reliability Engineer,McD Tech Labs,"Mountain View, CA",https://stackoverflow.com/jobs/534770
React Front End Developer,"Daupler, Inc.","Kansas City, MO",https://stackoverflow.com/jobs/523351
"Python Back End Developer (FastAPI, Django, Celery)","Daupler, Inc.","Kansas City, MO",https://stackoverflow.com/jobs/523350
Python Engineer,McD Tech Labs,"Mountain View, CA",https://stackoverflow.com/jobs/534766
Software Engineer - DevOps,Esri,"Stuttgart, Germany",https://stackoverflow.com/jobs/528687
DevOps Software Development Engineer,Esri,"Redlands, CA",https://stackoverflow.com/jobs/482704
Site Reliability Engineer- ArcGIS Online,Esri,"Redlands, CA",https://stackoverflow.com/jobs/552702
Senior Backend Engineer - Python,Cornershop,"São Paulo, Brazil",https://stackoverflow.com/jobs/515697
"Senior Java Engineer - Consult with great companies, technologies and solutions",Pinnacle Solutions Group,"Nashville, TN",https://stackoverflow.com/jobs/196742
Python Software Engineer,Sav.com,"Chicago, IL",https://stackoverflow.com/jobs/515692
QA Tester,Self Decode,No office location,https://stackoverflow.com/jobs/561041
Python Web Application Developer (Entry or Mid Level),"Cipher Tech Solutions, Inc",No office location,https://stackoverflow.com/jobs/561032
"Senior Software Developer/Team Leader in Berlin, Hamburg, Göttingen or Abingdon",Evotec SE,"Berlin, Germany",https://stackoverflow.com/jobs/550234
Software Engineer (Migration),Odoo,"San Francisco, CA",https://stackoverflow.com/jobs/472407
Software Engineer,Odoo,"Ciudad de México, Mexico",https://stackoverflow.com/jobs/472421
Full Stack Engineer,Odoo,"San Francisco, CA",https://stackoverflow.com/jobs/524056
Senior Machine Learning Engineer - OPEN TO REMOTE,The RealReal,"San Francisco, CA",https://stackoverflow.com/jobs/557022
Full Stack Developer,Cognitive Space,"Houston, TX",https://stackoverflow.com/jobs/561029
Engineering Technical Recruiter,QuantCo,"Berlin, Deutschland",https://stackoverflow.com/jobs/553016
Development Operations Engineer (DevSecOps),Cognitive Space,"Houston, TX",https://stackoverflow.com/jobs/561028
Frontend Engineer (m/w/d),QuantCo,"Karlsruhe, Deutschland",https://stackoverflow.com/jobs/553014
Researcher,IOVLABS,No office location,https://stackoverflow.com/jobs/448524
C# Developer,Huxley Banking & Financial ServicesviaHuxley (US),"Chicago, IL",https://stackoverflow.com/jobs/526748
IT-Administratorin oder IT-Administrator (w/m/d),DLR - Deutsches Zentrum für Luft- und Raumfahrt,"Braunschweig, Deutschland",https://stackoverflow.com/jobs/561023
Research Software Engineer - HPC (f/m/x),Helmholtz-Zentrum für Umweltforschung GmbH - UFZ,"Leipzig, Deutschland",https://stackoverflow.com/jobs/561021
Backend Developer with Cloud experience,Accenture Romania,No office location,https://stackoverflow.com/jobs/534721
Remote Fullstack Entwicklerin (m/w/d),Ambient,"Köln, Deutschland",https://stackoverflow.com/jobs/552969
Build Engineer,Flow Traders,"Amsterdam, Netherlands",https://stackoverflow.com/jobs/117221
(Junior) Consultant (m/w/d) - IT Implementierungsspezialist / Global Employer Se,Deloitte Deutschland,"Düsseldorf, Deutschland",https://stackoverflow.com/jobs/556992
Cloud Platform Engineer (d/m/w) Data & Analytics,DEVK Versicherungen,"Köln, Deutschland",https://stackoverflow.com/jobs/526685
(Senior) Python Developer (m/f/d),tribe29 GmbH,"München, Deutschland",https://stackoverflow.com/jobs/526671
Senior Software Developer (Full Stack),Jewel Paymentech Pte Ltd,Singapore,https://stackoverflow.com/jobs/534474
Data Scientist – Network Analysis and Control,MITRE,"Bedford, MA",https://stackoverflow.com/jobs/515357
IT Service Management Practitioner,MITRE,"McLean, VA",https://stackoverflow.com/jobs/515350
Lead Azure Cloud Engineer,MITRE,"Bedford, MA",https://stackoverflow.com/jobs/515328
Backend Software Engineer - SDVI Rally Core,SDVI,No office location,https://stackoverflow.com/jobs/451625
(Senior) Data Engineer - Ad Tech (f/m/d),Delivery Hero SE,"Berlin, Germany",https://stackoverflow.com/jobs/560822
Embedded Linux Engineer,Canonical,No office location,https://stackoverflow.com/jobs/541320
Field Software Engineer - EMEA,Canonical,No office location,https://stackoverflow.com/jobs/501791
Big Data DevOps Engineer,Ultra Tendency,No office location,https://stackoverflow.com/jobs/556898
Data Platform Architect,Octopus Energy,"London, UK",https://stackoverflow.com/jobs/541302
Software Engineer - Build the next generation of AI platform,Signal AI,"London, UK",https://stackoverflow.com/jobs/246027
Web Engineer,Signal AI,"London, UK",https://stackoverflow.com/jobs/273615
IT Security Engineer for Linux based embedded Platforms (f/m/x),BMW Group,"Ulm, Deutschland",https://stackoverflow.com/jobs/498107
Business Analytics Data Engineer,Viva Wallet,"Marousi, Greece",https://stackoverflow.com/jobs/523118
Graduate Program – Information Technology (IT),Flossbach von Storch AG,"Köln, Deutschland",https://stackoverflow.com/jobs/560840
DevOps Lead,Which?,"London, UK",https://stackoverflow.com/jobs/556891
Senior SOC Engineer (Remote - Canada),Open Systems AG,"Vancouver, BC, Canada",https://stackoverflow.com/jobs/548058
Senior Security Engineer,Open Systems AG,"Noida, India",https://stackoverflow.com/jobs/548050
Leitende Softwareentwicklerin oder leitender Softwareentwickler (w/m/d),Deutsches Zentrum für Luft- und Raumfahrt e. V. (DLR),"Weßling, Deutschland",https://stackoverflow.com/jobs/560835
Senior SOC Engineer,Open Systems AG,"Zürich, Switzerland",https://stackoverflow.com/jobs/548049
"Manager, Data Science - Quick Commerce (f/m/d)",Delivery Hero SE,"Berlin, Germany",https://stackoverflow.com/jobs/560825
Senior Full-stack Web Developer,F-Secure,"Poznań, Poland",https://stackoverflow.com/jobs/526479
Python Entwickler*in Remote (f/m/d),Ambient,"Köln, Deutschland",https://stackoverflow.com/jobs/493874
Python Developer (Remote),X-Team,No office location,https://stackoverflow.com/jobs/534454
Data Engineer (Remote),X-Team,No office location,https://stackoverflow.com/jobs/534443
"Graduate Software Engineer, Linux-based development",Canonical,No office location,https://stackoverflow.com/jobs/565622
Lead AI Engineer,Singapore Innovate Pte. Ltd,Singapore,https://stackoverflow.com/jobs/560743
DevSecOps Consultant,Ensign InfoSecurity (Cybersecurity) Pte Ltd,Singapore,https://stackoverflow.com/jobs/534274
Jr. Software Engineer,FieldRoutes,No office location,https://stackoverflow.com/jobs/560734
Staff Software Engineer,BillionToOne,"Menlo Park, CA",https://stackoverflow.com/jobs/565619
Software Engineer - SDVI DevOps,SDVI,No office location,https://stackoverflow.com/jobs/451626
Senior Java Software Developer,Genesys,No office location,https://stackoverflow.com/jobs/547957
TechOps Engineer - Mid/Senior,Plotly Technologies Inc,No office location,https://stackoverflow.com/jobs/560732
Mid level QA Engineer,Plotly Technologies Inc,No office location,https://stackoverflow.com/jobs/560730
System Architect,Tucows,No office location,https://stackoverflow.com/jobs/560728
Senior Flink/Druid Software Engineer,Genesys,No office location,https://stackoverflow.com/jobs/547941
Senior Kafka Messaging Software Engineer,Genesys,No office location,https://stackoverflow.com/jobs/547923
Staff Software Engineer C++ focus Intelligent Data Aggregation (m/f/d),CARIAD,"Wolfsburg, Germany",https://stackoverflow.com/jobs/547934
Lead Software Engineer - Python Focus Big Loop Systems (m/f/d),CARIAD,"Ingolstadt, Germany",https://stackoverflow.com/jobs/547925
Build/Release Engineer,Tausight,No office location,https://stackoverflow.com/jobs/556779
Senior Software Engineer Python,H & M Hennes & Mauritz GBC AB,"Stockholm, Sweden",https://stackoverflow.com/jobs/529343
"Senior Software Engineer, Embedded Systems (m/f/d)",tado GmbH,"München, Deutschland",https://stackoverflow.com/jobs/560708
Software Engineer - Cloud Images,Canonical,No office location,https://stackoverflow.com/jobs/454599
"Software Engineer, IoT Manufacturing (m/f/d)",tado GmbH,"München, Deutschland",https://stackoverflow.com/jobs/560707
"Data Engineer (Python, SQL)",Huxley Banking & Financial ServicesviaHuxley (US),"Chicago, IL",https://stackoverflow.com/jobs/526406
Senior Software Engineer (Risk Management),tastyworks,"Chicago, IL",https://stackoverflow.com/jobs/556772
Software Engineer - Docker Images & Community,Canonical,No office location,https://stackoverflow.com/jobs/534266
Senior DevOps Engineer,"Comscore, Inc.",No office location,https://stackoverflow.com/jobs/556770
Support Engineer,SDVI,No office location,https://stackoverflow.com/jobs/492303
Software Development Engineer in Test,SDVI,No office location,https://stackoverflow.com/jobs/219487
System Engineer (f/m/d) Kubernetes,ADITION technologies AG,"Freiburg im Breisgau, Deutschland",https://stackoverflow.com/jobs/525462
(Senior) Backend Developer (f/m/d) Big Data,ADITION technologies AG,"Freiburg im Breisgau, Deutschland",https://stackoverflow.com/jobs/304655
Data Center Engineer (Greater Boston Area),Canonical,"Boston, MA",https://stackoverflow.com/jobs/556753
Senior Software Engineer - Remote,Tucows,No office location,https://stackoverflow.com/jobs/556752
Python Software Developer,EODC GmbH,"Wien, Österreich",https://stackoverflow.com/jobs/496568
Solutions Architect | Senior Consultant | DevOps | Remote,Copado Strategic Services,No office location,https://stackoverflow.com/jobs/517847
"SAN Administrator, Data Platform Group",Rakuten,"Tokyo, Japan",https://stackoverflow.com/jobs/526337
Senior Software Engineer,Administrate,No office location,https://stackoverflow.com/jobs/522941
(Senior) Software Engineer (Java and Golang) (SF Tech)(f/m/d),Delivery Hero SE,"Berlin, Germany",https://stackoverflow.com/jobs/560702
Senior Software Engineer,Administrate,No office location,https://stackoverflow.com/jobs/522940
Senior Software Engineer,Administrate,"Edinburgh, UK",https://stackoverflow.com/jobs/522939
Software Engineering Manager - (Salesforce Tech Team) (f/m/d),Delivery Hero SE,"Berlin, Germany",https://stackoverflow.com/jobs/560699
DevOps / System Engineer - (f/m/d),Delivery Hero SE,"Berlin, Germany",https://stackoverflow.com/jobs/560698
Senior Data Engineer - Recommendations (f/m/d),Delivery Hero SE,"Berlin, Germany",https://stackoverflow.com/jobs/560696
Cloud Automation Engineer,tribe29 GmbH,"München, Deutschland",https://stackoverflow.com/jobs/547843
Senior Fullstack Engineer,Revieve Oy,No office location,https://stackoverflow.com/jobs/560693
"Site Reliability Engineer, Video Infrastructure",ByteDance,Singapore,https://stackoverflow.com/jobs/547753
"Backend Software Engineer, Video Infrastructure",ByteDance,Singapore,https://stackoverflow.com/jobs/547751
Senior DevOps Engineer Consultant |  Full-time or Contract | Remote,Copado Strategic Services,No office location,https://stackoverflow.com/jobs/517961
Back end developer per operations center,Giocaonline s.r.l.,"Milan, Italy",https://stackoverflow.com/jobs/529295
Senior Performance Engineer,Jelli,"San Mateo, CA",https://stackoverflow.com/jobs/514644
"Sr Design Engineer - Contract - Up to $45/Hour - Cincinnati, OH",Real StaffingviaReal Staffing US,"Cincinnati, OH",https://stackoverflow.com/jobs/526235
Senior DevOps Practitioner,MITRE,"McLean, VA",https://stackoverflow.com/jobs/514496
Senior Microsoft Azure Cloud Engineer,MITRE,"McLean, VA",https://stackoverflow.com/jobs/514492
Staff Machine Leaning Engineer,Spotify,No office location,https://stackoverflow.com/jobs/546722
"Senior Support & Software Engineer, NY Metro Area (AMERICAS)",Canonical,No office location,https://stackoverflow.com/jobs/534711
"Senior Support & Software Engineer, Tokyo (Remote)",Canonical,No office location,https://stackoverflow.com/jobs/534042
"Cloud Operations Engineer, APAC",Canonical,No office location,https://stackoverflow.com/jobs/526213
Embedded Software Development Engineer,Baker Hughes,"Groby, UK",https://stackoverflow.com/jobs/560598
Backend Developer,Octopus Energy,"London, UK",https://stackoverflow.com/jobs/197943
Senior Machine Learning Engineer - Freemium Mission,Spotify,No office location,https://stackoverflow.com/jobs/497040
Werkstudent Software Engineering Data & ML (m/w/d),QuantCo,"Karlsruhe, Deutschland",https://stackoverflow.com/jobs/328986
Data Scientist (m/w/d) mit Schwerpunkt mathematische Modellierung,NETZSCH Process Intelligence GmbH,"Selb, Deutschland",https://stackoverflow.com/jobs/565605
Fullstack Software Engineer (m/w/d),NETZSCH Process Intelligence GmbH,"Selb, Deutschland",https://stackoverflow.com/jobs/565604
"Python Software Engineer, Commercial Systems",Canonical,No office location,https://stackoverflow.com/jobs/560585
Data Scientist (m/w/d),NETZSCH Process Intelligence GmbH,"Selb, Deutschland",https://stackoverflow.com/jobs/565602
Roku Developer (MAZ Systems),Zype,No office location,https://stackoverflow.com/jobs/552550
Data Analytics Strategist – HConnect (f/m/d),HeidelbergCement AG,"Heidelberg, Deutschland",https://stackoverflow.com/jobs/546689
Senior Ruby on Rails developer,Marketer Technologies AS,"Oslo, Norway",https://stackoverflow.com/jobs/518196
Software Engineer,Slimmer AI,"Amsterdam, Netherlands",https://stackoverflow.com/jobs/552562
"Backend Tech Lead, Customer Service Platform",ByteDance,Singapore,https://stackoverflow.com/jobs/546681
Senior IIoT Software Architect (m/f/d),Wiferion GmbH,"Freiburg im Breisgau, Deutschland",https://stackoverflow.com/jobs/565598
Site Reliability Engineer - Terraform,SpotMe,No office location,https://stackoverflow.com/jobs/308372
Mitarbeiter*in (m/w/d) im IT-Kundensupport,LexCom Informationssysteme GmbH,"München, Deutschland",https://stackoverflow.com/jobs/560572
Operations Engineer / Linux Administrator (m/f/d),AnyDesk Software GmbH,"Stuttgart, Deutschland",https://stackoverflow.com/jobs/565597
Test Process and Module Engineer (Platform),Intel Corporation,"George Town, Malaysia",https://stackoverflow.com/jobs/552555
Software Integration AI Engineer,Intel Corporation,"George Town, Malaysia",https://stackoverflow.com/jobs/552554
Ecosystems Software Engineer,Intel Corporation,"George Town, Malaysia",https://stackoverflow.com/jobs/552553
Software Engineer - Full Stack,UPowr Pty Ltd,"Sydney, Australia",https://stackoverflow.com/jobs/501250
Software Engineer,Intel Corporation,"Shanghai, China",https://stackoverflow.com/jobs/540589
Senior iOS engineer - ux + video,SmileDirectClub,No office location,https://stackoverflow.com/jobs/546573
Senior Backend Engineer - Python - México,Cornershop by Uber,No office location,https://stackoverflow.com/jobs/526139
Senior .Net Engineer,Pinnacle Solutions Group,"Charlotte, NC",https://stackoverflow.com/jobs/546564
Senior Full Stack Engineer,Versatile Natures,"Tel Aviv-Yafo, Israel",https://stackoverflow.com/jobs/513775
Senior Data Engineer,Supermetrics Oy,"Helsinki, Finland",https://stackoverflow.com/jobs/546539
Senior DevOps Engineer,Higher Logic,"Arlington, VA",https://stackoverflow.com/jobs/529128
Linux Developer Experience Lead,Canonical,No office location,https://stackoverflow.com/jobs/565542
Java Software Engineer,IMC Trading,"Amsterdam, Netherlands",https://stackoverflow.com/jobs/122570
Senior Software Development Engineer in Test (SDET),Creative Assembly,"Horsham, UK",https://stackoverflow.com/jobs/513451
C++ Software Engineer - Amsterdam,IMC Trading,"Amsterdam, Netherlands",https://stackoverflow.com/jobs/126614
Junior Software Engineer im Firmenübergreifenden Trainee-Programm (100%),M&F Engineering AG,"Weiningen, Schweiz",https://stackoverflow.com/jobs/233263
Software Test Automation Specialist (m/w/x),ZEISS Group,"München, Deutschland",https://stackoverflow.com/jobs/541069
SOFTWARE CRAFT(WO)MAN Java et/ou JS,Arolla,"Paris, France",https://stackoverflow.com/jobs/496545
"Backend Software Engineer, Customer Service Platform",ByteDance,Singapore,https://stackoverflow.com/jobs/529048
Senior Software Engineer Backend,Drooms GmbH,"Frankfurt am Main, Deutschland",https://stackoverflow.com/jobs/530685
Software Engineer (Python Data Stack) (m/f/d),QuantCo,"Karlsruhe, Germany",https://stackoverflow.com/jobs/349976
Software Engineer (Backend) (m/f/d),QuantCo,"Berlin, Germany",https://stackoverflow.com/jobs/409511
Senior Back-End Developer,Catawiki,No office location,https://stackoverflow.com/jobs/496306
Backend developer (Python/Django) with a passion for open source,5 Monkeys Agency ABvia5 Monkeys Agency AB,"Stockholm, Sweden",https://stackoverflow.com/jobs/546429
Backend developer (Python/Django) with a passion for open source,5 Monkeys Agency ABvia5 Monkeys Agency AB,"Göteborg, Sweden",https://stackoverflow.com/jobs/546428
"Tech Lead Engineering Manager, Trust and Safety Engineering",ByteDance,Singapore,https://stackoverflow.com/jobs/546397
Backend Software Engineer - Trust and Safety Engineering,ByteDance,Singapore,https://stackoverflow.com/jobs/546396
Senior ML Engineer,Amaris.AI,Singapore,https://stackoverflow.com/jobs/533811
Senior Infra and DevSecOps Engineer,Amaris.AI,Singapore,https://stackoverflow.com/jobs/533810
Software Engineer - SRE,Shopee Singapore Private Limited,Singapore,https://stackoverflow.com/jobs/533809
Software Engineer - Machine Learning,Shopee Singapore Private Limited,Singapore,https://stackoverflow.com/jobs/533808
Senior Information Security Analyst- 1 year Contract - Remote,Tucows,No office location,https://stackoverflow.com/jobs/522324
Manager - Data Reliability Engineer,McDonald's Corporation,"Chicago, IL",https://stackoverflow.com/jobs/556557
Senior Software Engineer - Security Data Management,Anchore,No office location,https://stackoverflow.com/jobs/552360
Senior DevOps Engineer,Zenjob,"Berlin, Germany",https://stackoverflow.com/jobs/552356
"Data Architect, Data Platform",Flyr Inc,"Los Angeles, CA",https://stackoverflow.com/jobs/529117
DevOps Engineer,Flyr Inc,No office location,https://stackoverflow.com/jobs/522896
Operations Engineer (Remote),We Got POP Ltd,No office location,https://stackoverflow.com/jobs/556553
FCAS2021: Information System Solution Architect (d/m/f) (Open),AIRBUS,"Ottobrunn, Germany",https://stackoverflow.com/jobs/552343
Senior Developer,American Logistics,No office location,https://stackoverflow.com/jobs/522889
Software Engineer II,"Comscore, Inc.","Portland, OR",https://stackoverflow.com/jobs/556548
Sr Security Engineer,"Comscore, Inc.","Reston, VA",https://stackoverflow.com/jobs/556547
Tech-lead multi-langages (Francophone),enioka Haute Couture,"Paris, France",https://stackoverflow.com/jobs/495719
Senior Solution Engineer (m/w/d) - Cloud Azure Expert,Deloitte Deutschland,"Düsseldorf, Deutschland",https://stackoverflow.com/jobs/533755
Solution Engineer (m/w/d) - Cloud AWS,Deloitte Deutschland,"Düsseldorf, Deutschland",https://stackoverflow.com/jobs/533754
Solution Engineer (m/w/d) - Cloud Azure,Deloitte Deutschland,"Düsseldorf, Deutschland",https://stackoverflow.com/jobs/533750
(Senior) Frontend Engineer (m/w/d) - Trufa,Deloitte Deutschland,"Düsseldorf, Deutschland",https://stackoverflow.com/jobs/533749
Senior Systems Engineer,Quantcast,"London, UK",https://stackoverflow.com/jobs/513340
Software Developer (künstliche Intelligenz) - für E-Commerce Agentur in Bremen,hmmh multimediahaus AG,No office location,https://stackoverflow.com/jobs/529059
(Senior) Scala Developer,Unzer GmbH,"Berlin, Germany",https://stackoverflow.com/jobs/506364
Android Developer,F-Secure,"Helsinki, Finland",https://stackoverflow.com/jobs/552308
iOS Developers,F-Secure,"Helsinki, Finland",https://stackoverflow.com/jobs/552307
DevOps Engineer with interesting scale up challenges,Channable,"Utrecht, Netherlands",https://stackoverflow.com/jobs/500253
Experienced Front-end Developer,F-Secure,"Helsinki, Finland",https://stackoverflow.com/jobs/552301
Full-Stack Developer,OSL,Singapore,https://stackoverflow.com/jobs/495720
Frontend Developer,Octopus Energy,"London, UK",https://stackoverflow.com/jobs/533659
Backend Developer - APIs Team,Octopus Energy,"London, UK",https://stackoverflow.com/jobs/533658
Data Scientist (d/m/w),DEVK Versicherungen,"Köln, Deutschland",https://stackoverflow.com/jobs/533653
Software Engineer - Infrastructure,Chorus One,No office location,https://stackoverflow.com/jobs/552285
Senior Software Engineer / Ruby or Elixir/ Remote,The RealReal,No office location,https://stackoverflow.com/jobs/522850
Quality Manager Infotainment Systems (f/m/x),BMW Group,"Ulm, Deutschland",https://stackoverflow.com/jobs/556421
Python Developer,Risk Focus,No office location,https://stackoverflow.com/jobs/552173
Senior Go Lang Developer | Contractor | Remote,Copado Strategic Services,No office location,https://stackoverflow.com/jobs/552166
Sr. Full Stack Engineer- Python,AutoTrader,"Toronto, ON, Canada",https://stackoverflow.com/jobs/529021
Data Scientist,AutoTrader,"Toronto, ON, Canada",https://stackoverflow.com/jobs/529015
"VP, Senior Network Engineer",Huxley Banking & Financial ServicesviaHuxley (US),"New York, NY",https://stackoverflow.com/jobs/522786
Full Stack Developer,Rakettitiede,"Helsinki, Finland",https://stackoverflow.com/jobs/522743
Software Engineer,SUSE,No office location,https://stackoverflow.com/jobs/514397
Full Stack Developer,BOTS by RevenYOU,"Haarlem, Netherlands",https://stackoverflow.com/jobs/533368
"Python Software Engineer (Linux, Security)",diconium group,"Stuttgart, Deutschland",https://stackoverflow.com/jobs/556429
Senior Cloud Software Engineer,Intel Corporation,"Shanghai, China",https://stackoverflow.com/jobs/540182
Praktikant (m/w/d) Data Analytics,ING Deutschland,"Frankfurt am Main, Deutschland",https://stackoverflow.com/jobs/556419
Lead Java/Big Data Software Developer,Genesys,No office location,https://stackoverflow.com/jobs/552044
Sr. Director SRE,Genesys,No office location,https://stackoverflow.com/jobs/552041
Staff Machine Learning Engineer - REMOTE,The RealReal,"San Francisco, CA",https://stackoverflow.com/jobs/552039
Senior Data Engineer,Revance,"Pleasanton, CA",https://stackoverflow.com/jobs/525879
Site Reliability Engineering Manager,Canonical,No office location,https://stackoverflow.com/jobs/533163
"Back End Engineer (Python, AWS)",Modus Create,No office location,https://stackoverflow.com/jobs/560131
Senior Software Engineer - Linux Engineering,Canonical,No office location,https://stackoverflow.com/jobs/540018
iOS Engineer,NOCD,"Chicago, IL",https://stackoverflow.com/jobs/512343
Senior/Mid Data Engineer - California or Full Remote,FieldLevel,"Solana Beach, CA",https://stackoverflow.com/jobs/533161
Senior Cloud Infrastructure Engineer - OPEN TO REMOTE,The RealReal,"San Francisco, CA",https://stackoverflow.com/jobs/552029
Senior Full Stack Engineer,NOCD,"Chicago, IL",https://stackoverflow.com/jobs/512069
C++ Expert,Codethink,"Manchester, UK",https://stackoverflow.com/jobs/556326
Software Engineer,Codethink,"Manchester, UK",https://stackoverflow.com/jobs/556322
Senior Performance Engineer,Jelli,"Boise, ID",https://stackoverflow.com/jobs/525855
Senior Backend Engineer,Pollen,"London, UK",https://stackoverflow.com/jobs/522622
"Software Engineer (Product Infrastructure), TikTok e-Commerce",ByteDance,Singapore,https://stackoverflow.com/jobs/533135
Python Developer suchen Kollegen (m/w/d),solute GmbH,"Karlsruhe, Deutschland",https://stackoverflow.com/jobs/284443
"Testing Software Engineer, TikTok e-Commerce",ByteDance,Singapore,https://stackoverflow.com/jobs/533132
McCloud HPC Expert,DUG Technology,"West Perth, Australia",https://stackoverflow.com/jobs/396027
Cloud Automation Engineer (m/w/d),Mimacom,"Stuttgart, Deutschland",https://stackoverflow.com/jobs/551994
Engineering Manager,Gorgias,No office location,https://stackoverflow.com/jobs/560110
Senior Backend Developer (f/m/d),HOMELIKE INTERNET GmbH,"Köln, Deutschland",https://stackoverflow.com/jobs/522556
"Cloud Operations Engineer, EMEA",Canonical,No office location,https://stackoverflow.com/jobs/522546
"Cloud Operations Engineer, Americas",Canonical,No office location,https://stackoverflow.com/jobs/522545
Lead Infrastructure Engineer,Huxley Banking & Financial ServicesviaHuxley (US),"New York, NY",https://stackoverflow.com/jobs/525771
"Senior Software Engineer, Javascript",Versus Systems,No office location,https://stackoverflow.com/jobs/556182
Senior Design Engineer,Real StaffingviaReal Staffing US,"Cincinnati, OH",https://stackoverflow.com/jobs/522494
Senior Product Designer (UX/UI) for Leading Kids Coding Platform,Tynker,No office location,https://stackoverflow.com/jobs/494563
Senior Full Stack Engineer at Leading Education Company,Tynker,No office location,https://stackoverflow.com/jobs/494562
Site Reliability Engineer,HomeStars,No office location,https://stackoverflow.com/jobs/560072
Software engineer (f/m/d) (Dipl./M.Sc./Ph.D.) in research data management,Helmholtz-Zentrum Berlin für Materialien und Energie GmbH,"Berlin, Deutschland",https://stackoverflow.com/jobs/560071
(Senior) Java Software Engineer | Gdansk,Dynatrace,"Gdańsk, Poland",https://stackoverflow.com/jobs/560068
Lead Software Engineer,Huxley Banking & Financial ServicesviaHuxley (US),"Boston, MA",https://stackoverflow.com/jobs/525730
Software Engineer (d/f/m),Stylight,"München, Deutschland",https://stackoverflow.com/jobs/560067
Python Developer/ Trading Systems Engineer,Huxley Banking & Financial ServicesviaHuxley (US),"New York, NY",https://stackoverflow.com/jobs/522467
Python Developer/ Data Engineer,Huxley Banking & Financial ServicesviaHuxley (US),"New York, NY",https://stackoverflow.com/jobs/522466
Software Engineer,ComplyAdvantage,"London, UK",https://stackoverflow.com/jobs/527835
DevOps Cloud Engineer (Kubernetes) - Remote,IG Group,No office location,https://stackoverflow.com/jobs/532885
System Engineer (m/w/d) Kubernetes/OpenShift,German Edge Cloud GmbH & Co. KG,"Limburg an der Lahn, Deutschland",https://stackoverflow.com/jobs/539732
Full Stack Web Developer (m/w/d),solute GmbH,"Karlsruhe, Deutschland",https://stackoverflow.com/jobs/556141
DevOps Engineer (m/w/d),solute GmbH,"Karlsruhe, Deutschland",https://stackoverflow.com/jobs/556140
Azure BI Technical Architect,BigChange Ltd,No office location,https://stackoverflow.com/jobs/532866
Fullstack Developer (m/w/d),German Edge Cloud GmbH & Co. KG,"Limburg an der Lahn, Deutschland",https://stackoverflow.com/jobs/539736
Technical Specialist - System Services,Derivco.,"Umhlanga, South Africa",https://stackoverflow.com/jobs/528648
Intermediate Observability Engineer,Derivco.,"Umhlanga, South Africa",https://stackoverflow.com/jobs/528647
Fullstack Cloud Engineer (Python/React/AWS),Montash,No office location,https://stackoverflow.com/jobs/556128
Software Engineer (Monitoring System) - Working in Japan,LINE Fukuoka,"Fukuoka, Japan",https://stackoverflow.com/jobs/273841
Data Architect mit einem Flair für AI,ti&m AG,"Zürich, Schweiz",https://stackoverflow.com/jobs/522399
DevOps- Engineer (m/w/d),Volume Graphics GmbH,"Heidelberg, Deutschland",https://stackoverflow.com/jobs/545615
Machine Learning Engineer,Research Square,No office location,https://stackoverflow.com/jobs/545531
Senior Data Engineer (US Only),"Pie Insurance Holdings, Inc.",No office location,https://stackoverflow.com/jobs/545526
Data Engineer (US Only),"Pie Insurance Holdings, Inc.",No office location,https://stackoverflow.com/jobs/545525
Big Data / ETL Data Engineer (m/w/d),Generali AG,"Aachen, Deutschland",https://stackoverflow.com/jobs/559930
Data Science Engineer / Architect (m/w/d),Generali AG,"Aachen, Deutschland",https://stackoverflow.com/jobs/559928
"Cloud Engineer (Azure, Google Cloud Platform, AWS)",ti&m AG,"Bern, Schweiz",https://stackoverflow.com/jobs/522337
Cloud Data Architect mit Flair für AI,ti&m AG,"Bern, Schweiz",https://stackoverflow.com/jobs/522336
Data Engineer,Huxley Banking & Financial ServicesviaHuxley (US),"Chicago, IL",https://stackoverflow.com/jobs/525601
"Cloud Engineer (Azure, Google Cloud Platform, AWS)",ti&m AG,"Zürich, Schweiz",https://stackoverflow.com/jobs/522303
Cloud Data Engineer (m/w/d),Generali AG,"Aachen, Deutschland",https://stackoverflow.com/jobs/559926
Experienced Data Engineer,Accenture Romania,"Bucharest, Romania",https://stackoverflow.com/jobs/525561
"Engineering Experience, Senior Software Engineer (Remote)",Hotjar,No office location,https://stackoverflow.com/jobs/528857
Systemadministrator (w/m/d) für Linux-Server und -Arbeitsplatzrechner,energy & meteo systems GmbH,"Oldenburg, Deutschland",https://stackoverflow.com/jobs/565377
Software Engineer - Robotics (m/f/d),Motius GmbH,"München, Deutschland",https://stackoverflow.com/jobs/545488
Senior DevOps Engineer (f/m/x),PPRO,"München, Germany",https://stackoverflow.com/jobs/565334
Data Engineer 80-100% (f/m/d),Alpiq,"Olten, Switzerland",https://stackoverflow.com/jobs/545476
"Senior Developer for Cloud Technologies (Kafka, Flink, Terraform)",reeeliance IM GmbH,"Hamburg, Deutschland",https://stackoverflow.com/jobs/517848
"Junior Developer for Cloud Technologies (Kafka, Flink, Terraform)",reeeliance IM GmbH,"Hamburg, Deutschland",https://stackoverflow.com/jobs/516858
Software Development Engineer in Test,Intel Corporation,"Bengaluru, India",https://stackoverflow.com/jobs/539336
Senior Software Engineer,Intel Corporation,"Bengaluru, India",https://stackoverflow.com/jobs/539300
Edge AI Deep Learning Validation Engineer,Intel Corporation,"Bengaluru, India",https://stackoverflow.com/jobs/539297
Full Stack Lead/Architect (Sr. Deep Learning R and D Engineer),Intel Corporation,"Bengaluru, India",https://stackoverflow.com/jobs/539294
Graphics SRIOV Virtualization Developer,Intel Corporation,"Bengaluru, India",https://stackoverflow.com/jobs/539293
Python Software Engineer,Captivation Software,"Fort Meade, MD",https://stackoverflow.com/jobs/525426
Software Engineer,Real StaffingviaReal Staffing US,"Irvine, CA",https://stackoverflow.com/jobs/525444
Senior Software Developer In Test,Jelli,"San Mateo, CA",https://stackoverflow.com/jobs/510882
Senior DevOps Engineer,Ascensus,No office location,https://stackoverflow.com/jobs/525432
Software Defined Radio Developer,Captivation Software,"Aberdeen Proving Ground, MD",https://stackoverflow.com/jobs/316048
Python Software Engineer (Quant Trading Firm),"Old Mission Capital, LLC","Chicago, IL",https://stackoverflow.com/jobs/528807
C++ Software Engineer,"Old Mission Capital, LLC","Chicago, IL",https://stackoverflow.com/jobs/528806
DevOps Engineer (m/w/d),CIS Solutions GmbH,"Ismaning, Deutschland",https://stackoverflow.com/jobs/371069
Senior Software Engineer,Avature,No office location,https://stackoverflow.com/jobs/565333
"Backend Software Engineer, DevOps",Avature,No office location,https://stackoverflow.com/jobs/565332
"Sr. Software Engineer, Machine Learning Infrastructure",Chan Zuckerberg Initiative,"Redwood City, CA",https://stackoverflow.com/jobs/565330
"Senior Data Engineer, Education",Chan Zuckerberg Initiative,"Redwood City, CA",https://stackoverflow.com/jobs/565328
(DevOps) Software Engineer (m/w/d),Marbis GmbHviaComputer Futures Solutions GmbH,No office location,https://stackoverflow.com/jobs/525398
Deep Learning Software Engineer (media software),Intel Corporation,"Bengaluru, India",https://stackoverflow.com/jobs/539260
Software Engineer,Marbis GmbHviaComputer Futures Solutions GmbH,"Karlsruhe, Deutschland",https://stackoverflow.com/jobs/525397
Network Software Engineer,Intel Corporation,"Bengaluru, India",https://stackoverflow.com/jobs/539257
"Senior Developer (React, Node.js) (m/f/d)",Ziegert EverEstate GmbH,"Berlin, Deutschland",https://stackoverflow.com/jobs/394267
Software Engineering Manager,Intel Corporation,"Bengaluru, India",https://stackoverflow.com/jobs/539256
(Senior) Full-Stack Web Developer - React | Typescript | Python | Kubernetes,Dynatrace,"Wien, Austria",https://stackoverflow.com/jobs/559763
Senior Full-Stack Engineer,Gorgias,No office location,https://stackoverflow.com/jobs/551752
Principal Java Engineer,Picnic,"Amsterdam, Netherlands",https://stackoverflow.com/jobs/559762
DevOps Engineer,Picnic,"Amsterdam, Netherlands",https://stackoverflow.com/jobs/166839
Software Developer (Python),Picnic,"Amsterdam, Netherlands",https://stackoverflow.com/jobs/292346
Infrastructure Engineer / Cloud Engineer (m/f/d),Omnevo GmbH,"Wiesbaden, Deutschland",https://stackoverflow.com/jobs/559761
AI Solutions Architect,Intel Corporation,"Bengaluru, India",https://stackoverflow.com/jobs/539246
Senior DevOps Engineer,AIR MILES,"Toronto, ON, Canada",https://stackoverflow.com/jobs/539243
Software Engineer - Networking Applications,Intel Corporation,"Bengaluru, India",https://stackoverflow.com/jobs/539242
Senior Python/Django Full-stack Developer,Apicbase Belgium,No office location,https://stackoverflow.com/jobs/545356
Application Support Engineer,Derivco.,"Málaga, Spain",https://stackoverflow.com/jobs/565319
Senior Backend (Python / Django) Engineer (m/f/x),Alasco,"München, Germany",https://stackoverflow.com/jobs/559740
Senior Frontend (TypeScript / React) Engineer (m/f/x),Alasco,"München, Germany",https://stackoverflow.com/jobs/559739
Junior Frontend (TypeScript / React) Engineer (m/f/x),Alasco,"München, Germany",https://stackoverflow.com/jobs/559738
Junior Backend (Python / Django) Engineer (m/f/x),Alasco,"München, Germany",https://stackoverflow.com/jobs/559737
Product Manager – Business Intelligence (m/w/d),Basler AG,"Ahrensburg, Deutschland",https://stackoverflow.com/jobs/565318
Web Systems Engineer - HPC Products,DUG Technology,"West Perth, Australia",https://stackoverflow.com/jobs/528138
Front End Software Engineer – HPC Products,DUG Technology,"West Perth, Australia",https://stackoverflow.com/jobs/528137
Scientific Applications Developer,DownUnder GeoSolutions Pty Ltd,"West Perth, Australia",https://stackoverflow.com/jobs/352726
Senior Software Engineer - tripleup.com,Triple for Numo,"Pittsburgh, PA",https://stackoverflow.com/jobs/545291
Process Engineering Graduate Intern,Intel Corporation,"Albuquerque, NM",https://stackoverflow.com/jobs/531835
Process Engineering Graduate Intern,Intel Corporation,"Albuquerque, NM",https://stackoverflow.com/jobs/531834
Fullstack Developer (Python/React),We Got POP Ltd,"London, UK",https://stackoverflow.com/jobs/525267
C++ developer in Berlin. 120 000 euro per year,think-cell,"Berlin, Germany",https://stackoverflow.com/jobs/36832
Site Reliability Engineer (m/w/d),Sthree GmbH VIA Computer Futures Solutions GmbHviaComputer Futures Solutions GmbH,"Berlin, Deutschland",https://stackoverflow.com/jobs/525263
Data Engineer (m/w/d) | The Garage,Deloitte Deutschland,"Düsseldorf, Deutschland",https://stackoverflow.com/jobs/545256
(Senior) Backend Engineer (m/w/d) - Trufa,Deloitte Deutschland,"Düsseldorf, Deutschland",https://stackoverflow.com/jobs/545254
DevOps Engineer (m/w/d) | The Garage,Deloitte Deutschland,"Düsseldorf, Deutschland",https://stackoverflow.com/jobs/545252
Product Manager – Business Intelligence (m/w/d),Basler AG,"Ahrensburg, Deutschland",https://stackoverflow.com/jobs/559649
Software Developer PowerDNS (Golang) - Full or Part Time / Remote or In-Office,Open-Xchange GmbH,No office location,https://stackoverflow.com/jobs/559640
"Experienced DevOps Consultant, GitLab/GitHub",Eficode Finland,"Helsinki, Finland",https://stackoverflow.com/jobs/559636
Site Reliability Engineering Lead (Remote),Hotjar,No office location,https://stackoverflow.com/jobs/545198
Administrator / Systembetreuer Python (w/m/d),energy & meteo systems GmbH,"Oldenburg, Deutschland",https://stackoverflow.com/jobs/565266
Platform Engineer,Octopus Energy,"Houston, TX",https://stackoverflow.com/jobs/531787
Full-Stack Software Engineer (C# + .NET 6 / React + Typescript) (f/m/d),HeidelbergCement AG,"Heidelberg, Deutschland",https://stackoverflow.com/jobs/559624
Backend Engineer (m/f/d),Relayr,"Katowice, Poland",https://stackoverflow.com/jobs/551592
"DevOps Engineer für Softwareentwicklung, z. B. Informatiker (w/m/d)",emsys grid services GmbH,"Oldenburg, Deutschland",https://stackoverflow.com/jobs/565260
Machine Learning Technical Lead - E-commerce Risk Management,ByteDance,Singapore,https://stackoverflow.com/jobs/525174
Senior React Developer | Contractor | Remote,Copado Strategic Services,No office location,https://stackoverflow.com/jobs/545086
"Artificial Intelligence / Machine Learning, Lead",MITRE,"McLean, VA",https://stackoverflow.com/jobs/522061
Hyperscale Cloud Developer Advocate,Intel Corporation,"Hillsboro, OR",https://stackoverflow.com/jobs/528557
Cloud Software Performance Engineer,Intel Corporation,"Hillsboro, OR",https://stackoverflow.com/jobs/528554
Software Engineer (Java/Python),ComplyAdvantage,"London, UK",https://stackoverflow.com/jobs/528544
Software-Entwickler/-innen (m/w/d) als Referentinnen/Referenten,Bundesamt für Verfassungsschutz,"Köln, Deutschland",https://stackoverflow.com/jobs/564679
Senior Software Engineer - App Store APIs,Canonical,No office location,https://stackoverflow.com/jobs/551466
(senior) Software Engineer C#,Topic Embedded Systems B.V.,"Best, Netherlands",https://stackoverflow.com/jobs/555741
Test Automation Engineer,AE nv/sa,"Dilbeek, Belgium",https://stackoverflow.com/jobs/525138
Software Development Engineer in Test,"ESO Solutions, Inc.","Belfast, UK",https://stackoverflow.com/jobs/528503
Open source stack software engineering lead,Canonical,No office location,https://stackoverflow.com/jobs/564537
Lead/Senior Software Engineer (Python/Django),Sector Labs,"Dubai, United Arab Emirates",https://stackoverflow.com/jobs/551454
Software Engineer – React,LifeOmic,"Indianapolis, IN",https://stackoverflow.com/jobs/519007
"Senior Software Engineer – AWS, NodeJS, Serverless",LifeOmic,"Indianapolis, IN",https://stackoverflow.com/jobs/519002
Software-Entwickler Web-Techologie (m/w/d),PLATO AG,"Dortmund, Deutschland",https://stackoverflow.com/jobs/564535
"Software Engineer, Security (Remote)",Hotjar,No office location,https://stackoverflow.com/jobs/544779
Junior Software Engineer,Akselos S.A.,"Ho Chi Minh City, Vietnam",https://stackoverflow.com/jobs/411389
Développeur Elm/Typescript React/Angular (F/H),Thegreendata,"Paris, France",https://stackoverflow.com/jobs/528472
Test Engineer Connected Car (m/w/d),Pixida GmbH,"München, Deutschland",https://stackoverflow.com/jobs/564480
Software Allrounder (m/f/d),AnyDesk Software GmbH,"Stuttgart, Deutschland",https://stackoverflow.com/jobs/564248
"Senior Site Reliability Engineer (SRE) (m/w/d), 100% Remote möglich",Flip GmbH,"Stuttgart, Deutschland",https://stackoverflow.com/jobs/564247
UX Designer (m/w/d) 100%,Gardena GmbH,"Zürich, Switzerland",https://stackoverflow.com/jobs/531444
"Software Engineer, Platform Infrastructure",SmartNews,"Shibuya City, Japan",https://stackoverflow.com/jobs/448299
"Software Engineer, Backend",SmartNews,"Shibuya City, Japan",https://stackoverflow.com/jobs/208334
Senior Software Engineer (Backend),VIZIO,"Denver, CO",https://stackoverflow.com/jobs/538648
"Systems Engineering, Analyst",MUFG,"Charlotte, NC",https://stackoverflow.com/jobs/559441
Sr. Software Engineer (Full stack Java),MUFG,"Charlotte, NC",https://stackoverflow.com/jobs/559425
Sr. Application Security Engineer,MUFG,"New York, NY",https://stackoverflow.com/jobs/559422
"Software Engineering, Analyst",MUFG,"Charlotte, NC",https://stackoverflow.com/jobs/559440
"Software Engineer, AVP",MUFG,"Charlotte, NC",https://stackoverflow.com/jobs/559429
Software Engineer,MUFG,"Charlotte, NC",https://stackoverflow.com/jobs/559421
Senior DevSecOps Engineer - REMOTE,MUFG,No office location,https://stackoverflow.com/jobs/559426
Senior DevSecOps Engineer - REMOTE,MUFG,No office location,https://stackoverflow.com/jobs/559433
Senior DevSecOps Engineer - Remote,MUFG,No office location,https://stackoverflow.com/jobs/559427
Senior Cloud Security Engineer,MUFG,"Charlotte, NC",https://stackoverflow.com/jobs/559434
Tech Lead Engineering at sustainable start-up (m/f/x) - Munich/New York/Remote,FINN,"München, Germany",https://stackoverflow.com/jobs/541678
"Full-Stack Developer (JavaScript, Node.JS) - REMOTE",MUFG,No office location,https://stackoverflow.com/jobs/559442
"Container Platform Engineer, Vice President",MUFG,No office location,https://stackoverflow.com/jobs/559420
"Cloud Engineer, AVP -Remote",MUFG,No office location,https://stackoverflow.com/jobs/559428
Senior Security Engineer - REMOTE,MUFG,No office location,https://stackoverflow.com/jobs/559444
Sr. Software Engineer - PHP - Contractor,DIGARC,No office location,https://stackoverflow.com/jobs/521882
Senior Python Softwareentwickler:in (m/w/d),JobRad GmbH,"Freiburg im Breisgau, Deutschland",https://stackoverflow.com/jobs/563123
Systems Engineer Linux/Site Reliability Engineer (m/w/d),JobRad GmbH,"Freiburg im Breisgau, Deutschland",https://stackoverflow.com/jobs/563122
"Senior Software Engineer, Backend - Landscape",Canonical,No office location,https://stackoverflow.com/jobs/551337
Senior IoT Systems Engineer,Canonical,No office location,https://stackoverflow.com/jobs/512740
Associate IoT Systems Engineer,Canonical,No office location,https://stackoverflow.com/jobs/487604
Platform Engineer,SUSE,No office location,https://stackoverflow.com/jobs/555636
Embedded Linux System Engineer (m/w/d),emlix GmbH,"Berlin, Deutschland",https://stackoverflow.com/jobs/508330
Senior Data Scientist / Data Engineer,F-Secure,"Poznań, Poland",https://stackoverflow.com/jobs/538605
VP Engineering at sustainable start-up (m/f/x) - Brazil/Latin America (Remote),FINN,"München, Germany",https://stackoverflow.com/jobs/445056
(Senior) Backend Engineer at sustainable start-up (m/f/x) - Munich or Remote,FINN,"München, Germany",https://stackoverflow.com/jobs/331741
C++ Software Developer (w/m/d) - Automotive Simulation - Munich / DE-remote,Paradox Cat GmbH,"München, Deutschland",https://stackoverflow.com/jobs/551302
Backend Engineer (Remote),Eterlast,"Barcelona, Spain",https://stackoverflow.com/jobs/563092
DevOps Engineer (Remote),Eterlast,"Barcelona, Spain",https://stackoverflow.com/jobs/563090
Senior Software Engineer (Python),HENNGE K.K.,"Tokyo, Japan",https://stackoverflow.com/jobs/555511
Senior Software Engineer (Go),HENNGE K.K.,"Tokyo, Japan",https://stackoverflow.com/jobs/555512
Senior Cloud Engineer/Team Lead,NFQ Technologies,"Vilnius, Lithuania",https://stackoverflow.com/jobs/546445
Senior Full Stack Developer at Kogan.com,We Are Common,"Melbourne, Australia",https://stackoverflow.com/jobs/531156
Embedded Linux Engineer,Canonical,No office location,https://stackoverflow.com/jobs/551201
Public Cloud Consultant,Canonical,No office location,https://stackoverflow.com/jobs/551198
Full Stack Developer,Catawiki,"Amsterdam, Netherlands",https://stackoverflow.com/jobs/551189
Software Engineer Frontend/Fullstack - Media & Services Hub (m/f/d),HolidayCheck Group AG,"München, Deutschland",https://stackoverflow.com/jobs/559404
Security Infrastructure Engineer,Bloomreach,No office location,https://stackoverflow.com/jobs/525009
Software Engineer (App team) - Exponea,Bloomreach,No office location,https://stackoverflow.com/jobs/525008
Full-Stack Technical Lead,SSENSE,"Montreal, QC, Canada",https://stackoverflow.com/jobs/521742
Head of Engineering (m/f/d),VEACT GmbH,"München, Deutschland",https://stackoverflow.com/jobs/538334
Analytics Engineer,Slido,"Bratislava, Slovakia",https://stackoverflow.com/jobs/555451
Full-Stack Technical Lead,SSENSE,"Austin, TX",https://stackoverflow.com/jobs/521737
Kubernetes Engineering Manager,Canonical,No office location,https://stackoverflow.com/jobs/551186
Python Software Engineer (Data Pipeline),Bloomreach,No office location,https://stackoverflow.com/jobs/524987
"Senior Software Engineers - AI, Analytics & Data",H & M Hennes & Mauritz GBC AB,"Stockholm, Sweden",https://stackoverflow.com/jobs/524983
"Senior Data Engineer (Python, Kafka, Airflow)",AMBOSS,"Berlin, Germany",https://stackoverflow.com/jobs/415218
Data Engineer,AudioValley,"Anderlecht, Belgium",https://stackoverflow.com/jobs/559308
System Administrator,AudioValley,"Anderlecht, Belgium",https://stackoverflow.com/jobs/559307
Backend Developer,AudioValley,"Paris, France",https://stackoverflow.com/jobs/518186
Senior Security Analyst (d/m/w) Schwerpunkt IDS und Bedrohungsanalyse,DEVK Versicherungen,"Köln, Deutschland",https://stackoverflow.com/jobs/524954
Senior Software Developer Python (m/f/d),Ströer Online Marketing,"Hamburg, Deutschland",https://stackoverflow.com/jobs/462625
Senior SDET - Automation,IMS,"Crewe, UK",https://stackoverflow.com/jobs/524948
Engineering Manager (Data Insights),ComplyAdvantage,"London, UK",https://stackoverflow.com/jobs/528535
Embedded Linux Consulting Engineering Director,Canonical,No office location,https://stackoverflow.com/jobs/562923
DevOps Engineer,ProQuest,"Ann Arbor, MI",https://stackoverflow.com/jobs/555435
Mobile APP Developers - Leading Electronics Company,Pyronix,"Doncaster, UK",https://stackoverflow.com/jobs/524940
Software Engineer for observation devices (f/m),Safran Vectronix AG,"Heerbrugg, Switzerland",https://stackoverflow.com/jobs/507270
Data Engineer,CGI Suomi,"Helsinki, Finland",https://stackoverflow.com/jobs/559232
Front End Developer,Greenhost,"Amsterdam, Netherlands",https://stackoverflow.com/jobs/524919
Data Engineer,Rakuten,"Setagaya City, Japan",https://stackoverflow.com/jobs/531038
Software Engineer (HVM),Intel Corporation,"Kulim, Malaysia",https://stackoverflow.com/jobs/538188
Senior Android Engineer,Livefront,"Minneapolis, MN",https://stackoverflow.com/jobs/521510
Site Reliability Engineer,The Warehouse Limited,"Auckland, New Zealand",https://stackoverflow.com/jobs/538161
Sr. Test Engineer,Rain Bird Corporation,"Tucson, AZ",https://stackoverflow.com/jobs/555341
VP of Engineering,TradeBlock,"New York, NY",https://stackoverflow.com/jobs/559195
Site Reliability Engineer,TradeBlock,"New York, NY",https://stackoverflow.com/jobs/559194
"Backend Engineer, Markets",TradeBlock,"New York, NY",https://stackoverflow.com/jobs/559193
Senior Software Engineer,Stardog Union,No office location,https://stackoverflow.com/jobs/521448
"Sr. Software Engineer, Data Products/Engineering",STARZ,"Englewood, CO",https://stackoverflow.com/jobs/474776
Engineering Manager,AMBOSS,"Berlin, Germany",https://stackoverflow.com/jobs/524863
DevOps Engineer @ Nozomi Networks,Nozomi Networks,"Mendrisio, Switzerland",https://stackoverflow.com/jobs/555314
Data Engineer (m/f/d),Personio,"München, Germany",https://stackoverflow.com/jobs/544775
Java Software engineer,ProgressiveviaProgressive Staffing Netherlands,"Amsterdam, Netherlands",https://stackoverflow.com/jobs/530992
iOS Developer,Marks & Spencer,"London, UK",https://stackoverflow.com/jobs/530984
Technical Lead - Data Event Platform,Marks & Spencer,"London, UK",https://stackoverflow.com/jobs/530983
Full-Stack Software Engineer,Marks & Spencer,"London, UK",https://stackoverflow.com/jobs/530982
SRE Lead,Electrolux,"Stockholm, Sweden",https://stackoverflow.com/jobs/559156
"Data Engineer (m/f) (SQL, Python, R, Java)",RIAG DIGITAL,"Wien, Austria",https://stackoverflow.com/jobs/376577
(Senior) Data Scientist (m/w/d),AIMviaComputer Futures Solutions GmbH,"Hanover, Germany",https://stackoverflow.com/jobs/530933
Senior Security Engineer,IG Group,"London, UK",https://stackoverflow.com/jobs/555193
Backend Engineer,Passio Inc.,No office location,https://stackoverflow.com/jobs/555177
Database Administrator III,"Wikimedia Foundation, Inc.",No office location,https://stackoverflow.com/jobs/555173
Senior Software Engineer - Python,DIGARC,No office location,https://stackoverflow.com/jobs/497630
Staff Software Engineer - Windows,Thycotic,No office location,https://stackoverflow.com/jobs/559033
Data Science - Engineering Manager,Belvo Technologies,No office location,https://stackoverflow.com/jobs/559029
Associate Field Software Engineer - EMEA,Canonical,No office location,https://stackoverflow.com/jobs/471550
DevOps Engineer* – Software-Entwicklung für das Fahrzeug-Infotainment,IAV GmbH,"Berlin, Deutschland",https://stackoverflow.com/jobs/562771
Staff Software Engineer,Bloomreach,No office location,https://stackoverflow.com/jobs/544544
Senior Security Engineer,BenchSci,"Toronto, ON, Canada",https://stackoverflow.com/jobs/520679
Staff Engineer - Frontend,BenchSci,"Toronto, ON, Canada",https://stackoverflow.com/jobs/520677
Senior Software Developer C++ for Next generation Access Control Solution,By - Access Control Systems,"Madrid, Spain",https://stackoverflow.com/jobs/492501
Senior Software Engineer - Test,BenchSci,"Toronto, ON, Canada",https://stackoverflow.com/jobs/520676
Senior Full Stack Engineer,BenchSci,"Toronto, ON, Canada",https://stackoverflow.com/jobs/520675
Lead Data & Integration Engineer (HProduce) (f/m/d),HeidelbergCement AG,"Heidelberg, Deutschland",https://stackoverflow.com/jobs/537895
Lead Data & Integration Engineer (HConnect) (f/m/d),HeidelbergCement AG,"Heidelberg, Deutschland",https://stackoverflow.com/jobs/537894
Senior DevOps Platform Delivery Engineer,MITRE,"McLean, VA",https://stackoverflow.com/jobs/528317
Senior Python Backend Developer,Alfi Inc.,"Belfast, UK",https://stackoverflow.com/jobs/520640
Lead DevOps / SRE Engineer (f/m/d),HeidelbergCement AG,"Heidelberg, Deutschland",https://stackoverflow.com/jobs/555118
DevOps / SRE Engineer (f/m/d),HeidelbergCement AG,"Heidelberg, Deutschland",https://stackoverflow.com/jobs/555115
Senior DevOps Engineer,Supermetrics Oy,No office location,https://stackoverflow.com/jobs/559002
QA Analyst (H/F),ENGIE Digital,"Paris, France",https://stackoverflow.com/jobs/528279
Gruppchef inom data science,Säkerhetspolisen,"Stockholm, Sweden",https://stackoverflow.com/jobs/558998
